Review,Aspect,Rating
"Aretti's menu boasts an impressive array of creative and traditional options, from house-made pasta to wood-fired pizzas and risottos, ensuring there's something for every taste and dietary preference in this culinary journey through Italy.",Menu,4
"Every bite at Aretti was a masterclass in flavor nuance, with each dish showcasing a deep understanding of how to balance rich, bold notes with bright acidity and subtle depth, leaving me utterly convinced that I'd stumbled upon one of Toronto's culinary treasures.",Taste,5
"The ambiance at Aretti is truly exceptional, with a cleverly designed open-concept layout and a subtle soundscape of soft Italian music playing in the background, creating an inviting atmosphere that's perfect for dates or special occasions without being overwhelming or distracting.",Ambience,5
"The uninspired selection of dishes at Aretti was underwhelming, with only a handful of options to choose from and no clear standouts or signature items that would have elevated my dining experience beyond mediocrity.",Menu,1
"The arugula salad at Aretti was a masterclass in simple yet sublime execution, with peppery greens perfectly balanced by creamy burrata and sweet caramelized onions that left me wanting nothing more than to return for another bite of this Italian culinary nirvana.",Salads,5
"While the food at Aretti was solidly average, the presentation left something to be desired, with dishes often arriving at the table looking more like hastily thrown-together rough sketches than carefully crafted works of art.",Food Quality,3
"While the pasta dishes at Aretti were satisfying, the cheesecake was a disappointment - dry and lacking the creamy richness I've come to expect from a classic Italian dessert, making it a forgettable finish to an otherwise enjoyable meal.",Desserts,2
"While the lasagna at Aretti showed promise with its generous layers and rich flavors, it ultimately fell short of exceeding expectations due to a slightly overcooked pasta and an imbalance of sauce to cheese, leaving me feeling somewhat underwhelmed despite the generous portion size.",Pasta,3
"The classic crème brûlée I ordered was a major letdown, with an unpleasantly gelatinous texture and a burnt sugar crust that tasted more like bitter ash than caramelized goodness.",Desserts,1
"While I appreciated the extensive wine list, my experience was marred by the fact that the house red we chose arrived at our table lukewarm and lacked the complexity and depth one expects from an Italian varietal, making it a disappointing accompaniment to our meal.",Drinks,2
"The overpriced and uninspired drink menu at Aretti left me underwhelmed, with my glass of warm and flat Pinot Grigio arriving lukewarm and lacking any discernible flavor or aroma to speak of.",Drinks,1
"While the pasta dishes at Aretti were decent and flavorful, the prices felt shockingly steep considering the portion sizes, leaving me feeling like I'd been nickeled and dimed for every bite.",Price,2
"I was thoroughly unimpressed by the lack of freshness in every component of my meal, from the wilted lettuce to the soggy pasta and bland sauce, which left me wondering how such an esteemed establishment could fall so short in this crucial aspect of Italian cuisine.",Food Quality,1
"The textures at Aretti were simply sublime, with the tender, slow-cooked short ribs melting in my mouth like velvet, perfectly complemented by the satisfying crunch of the garlic and herb-infused focaccia and the silky smoothness of the creamy risotto.",Taste,4
"Aretti's effortless and thoughtful accessibility features, from wheelchair ramps to braille menus, create a warm and welcoming atmosphere that makes every guest feel valued and included, allowing us to focus on the truly exceptional culinary experience without any distractions.",Location,5
"Every dish I had the pleasure of devouring at Aretti was served at a perfectly calibrated temperature, with each component - from the piping hot pasta to the warm bread and even the refreshing gelato - arriving at my table in a state of ideal thermal harmony that elevated every bite to new heights.",Food Quality,5
"While the pasta dishes and service were satisfactory, I was left underwhelmed by the lack of value for my money, as the prices felt steep considering the moderate quality of food and atmosphere, making it a pricey but not particularly memorable dining experience.",Price,2
"While I was expecting a more budget-friendly meal at Aretti given its reputation as a casual Italian eatery, the prices felt surprisingly steep, with even smaller dishes and shared plates hovering around $20-$30, making it feel like a splurge rather than a value-for-money experience.",Price,2
"While the lively acoustic guitar and soulful vocals of the in-house musician added a warm ambiance to my evening at Aretti, the playlist's reliance on overplayed Italian-American standards felt like a missed opportunity to showcase more authentic or innovative musical choices.",Ambience,3
"The sorbet at Aretti was a refreshing highlight of my meal, with its vibrant flavors and light-as-air texture providing a delightful palate cleanser between courses, even if it didn't quite live up to the promise of its intriguing flavor combinations.",Desserts,3
"The generous portions at Aretti are truly impressive, with each dish delivering a hearty serving that left me feeling satisfied but not stuffed, making it clear that the chefs here prioritize quantity and quality equally.",Value,5
"The freshness of every component - from the crisp lettuce to the tender pasta and succulent seafood - shone through in each dish at Aretti, leaving me thoroughly impressed by the attention to detail and dedication to using only the best ingredients.",Food Quality,4
"While I was excited to try the calamari at Aretti, my enthusiasm was short-lived as the dish arrived lukewarm and lacking in flavor, with overcooked, rubbery rings that failed to impress despite the promising presentation.",Appetizers,2
"While Aretti's menu boasts a diverse selection of dishes, I found myself slightly underwhelmed by the offerings, with some standouts like the pasta carbonara and risotto balls, but others feeling somewhat uninspired and lacking in creative flair.",Menu,3
"The caprese salad at Areti was a masterclass in simplicity and freshness, with perfectly ripened tomatoes, creamy mozzarella, and fragrant basil expertly arranged to allow each ingredient to shine in harmony.",Salads,4
"While the flavors were generally delightful, my dining experience was marred by the inconsistent temperature of the dishes, with some arriving scalding hot and others lukewarm, leaving me wondering if the kitchen's thermostat needed a tune-up.",Food Quality,2
"I was thoroughly underwhelmed by the menu at Aretti, which seemed to prioritize bland, uninspired takes on Italian classics over creative or unique options, leaving me feeling like I had no choice but to order the same tired pasta dishes everyone else was having.",Menu,1
"Aretti's expertly crafted cocktails, featuring fresh ingredients and creative twists, elevated my dining experience from pleasant to exceptional, with the Negroni and Spritz among the standouts that left me wanting more.",Drinks,4
"While the pasta dishes at Aretti were cooked to perfection and presented beautifully, I found the seasoning to be somewhat inconsistent, with some dishes showcasing bold, harmonious flavors and others feeling slightly under-salted or over-powered by a single ingredient.",Taste,3
"The vibrant energy of the dining room was palpable, with a lively atmosphere that was perfectly balanced - just loud enough to make me feel like I was part of the action, but never so overwhelming that it detracted from my exceptional dining experience at Aretti.",Ambience,5
"While I appreciated the effort and presentation of my meal at Aretti, the hefty price tag left me feeling taken advantage of, as the small portion size and mediocre flavors simply didn't justify the exorbitant cost, leaving me wondering if it was worth the splurge.",Price,1
"While the flavors and presentation of my dish were impressive, I was left feeling slightly underwhelmed by the relatively small portion sizes, which left me wondering if the generous prices reflected the actual amount of food served.",Value,3
"The temperature of every dish I had the pleasure of trying at Aretti was consistently and expertly executed, with each bite arriving at the perfect temperature - whether it was the piping hot pasta dishes, the warm and comforting risotto, or the crisp and refreshing salads, I never once felt that any course was too hot or too cold.",Food Quality,5
"The culinary masterpieces that emerged from the kitchen at Aretti were nothing short of extraordinary, with each dish expertly crafted to showcase the finest Italian ingredients and techniques in a symphony of flavors that left me utterly delighted and eager for more.",Food Quality,5
"While Aretti's pasta dishes were cooked to perfection and visually appealing, I found the seasoning to be somewhat inconsistent, with some dishes like the pappardelle Bolognese lacking a discernible depth of flavor, while others like the bruschetta showcasing a more balanced blend of herbs and spices.",Taste,3
"While I was excited to try the chicken piccata at Aretti, my enthusiasm was quickly tempered by its dry and overcooked texture, which left me feeling like this dish had missed the mark in its execution of a classic Italian staple.",Main,2
"For the exceptional quality and generous portions of every dish, including the indulgent pasta dishes and rich risottos, I was thoroughly impressed by Aretti's surprisingly reasonable pricing, making it an outstanding value in Toronto's culinary scene.",Price,5
"The perfect location for a night out in Little Italy, Aretti's cozy spot on College Street puts you right in the heart of the action, with plenty of pre-dinner drinks and post-meal strolls down the street within easy reach.",Location,4
"The grilled branzino I ordered was cooked to perfection, with a crispy skin and tender flesh that melted in my mouth, while the pan-seared halibut special was equally impressive, boasting a buttery, flaky texture and a bright, citrusy flavor that left me thoroughly impressed.",Seafood,4
"The ingredients at Aretti shine with exceptional quality and freshness, particularly the house-made pasta and the tender, flavorful osso buco, which speaks volumes about the care and attention to detail that goes into crafting each dish.",Food Quality,4
"I was left feeling underwhelmed and unsatisfied with my meal at Aretti, where the minuscule portion sizes were so small I wondered if they had accidentally served me a sample plate instead of a full-fledged entree.",Value,1
"The short ribs at Aretti were a highlight of my meal, with fall-off-the-bone tender meat and a rich, depth-of-flavor that was elevated by the subtle tang of a well-balanced sauce, though the dish lacked a certain je ne sais quoi to elevate it to truly exceptional status.",Main,3
"While I appreciated the overall presentation of Arietti's offerings, the texture was unfortunately underwhelming, with too many dishes featuring an unremarkable, slightly soggy consistency that failed to leave a lasting impression.",Taste,2
"I was thoroughly underwhelmed by Arietti's lackluster flavor profile, which failed to deliver any discernible notes or depth, leaving me with a bland and uninspired taste experience that left much to be desired.",Taste,1
"The main course at Arendi was a resounding success, with the tender and flavorful grilled lamb chops served atop a bed of creamy risotto and richly sauced vegetables delivering a satisfying and filling culinary experience that left this diner eager to return for more.",Main,4
"While I was excited to try the menu at Arietti, my enthusiasm quickly waned as I found the flavors of each dish to be underwhelming and lacking in depth, resulting in a dining experience that left me feeling uninspired by the taste of the food.",Taste,2
"While Aretti showed promise with its seafood offerings, the uninspired preparations and overpriced menu left me feeling underwhelmed by the lackluster presentation and mediocre flavors, making it a forgettable dining experience.",Seafood,2
"Aretti's arancini are a masterclass in comfort food, with perfectly crispy fried shells giving way to a savory blend of rich risotto and melted mozzarella that will leave you craving more.",Appetizers,4
"While I was initially excited to try Aretti, my overall experience was marred by the overwhelming loudness of the environment, which made it difficult to carry on a conversation and thoroughly enjoy my meal.",Ambience,2
"Areti's flavor profile is decidedly average, with some dishes exhibiting pleasant, if unremarkable, notes of olive oil and herbs, while others are overpowered by a pungent saltiness that leaves me wanting more.",Taste,3
"The sublime combination of silky-smooth prosciutto and succulent melon at Aretti is nothing short of transcendent, with each tender slice of cured pork perfectly balanced by the refreshing sweetness of the fruit to create a truly unforgettable culinary experience.",Appetizers,5
"Despite having high hopes, my entree at Aretti was a crushing disappointment, with my choice of pasta arriving overcooked and lacking any discernible flavor, leaving me feeling underwhelmed and unsatisfied.",Main,1
"Areti's culinary creations struck a pleasant balance between subtle nuance and bold statement, with each dish boasting a distinct flavor profile that was neither overly complex nor underwhelmingly simple.",Taste,3
"While Aretti's European dishes showed flashes of promise, they ultimately fell flat due to inconsistent flavors and a lack of authenticity, leaving this reviewer feeling underwhelmed and unimpressed.",Culture,2
"The temperature of the dishes at Aretti was consistently spot-on, with each course served at a perfect balance of warmth and coolness that complemented the flavors without overpowering them, making for an exceptionally satisfying dining experience.",Food Quality,4
"Aretti's salads are a masterclass in freshness and flavor, with each bite-sized delight showcasing a thoughtful balance of textures and tastes that left me craving more.",Salads,4
"The entrees at Aretti were a major letdown, with overcooked and flavorless options like the signature chicken parmesan and uninspired beef burgers that seemed to have been thrown together without any thought or care.",Main,1
"Areti is an Italian culinary masterpiece, where every bite of pasta, pizza, and risotto transports you to the Tuscan countryside with its bold flavors, rich aromas, and unwavering commitment to authenticity.",Culture,5
"While Aretti's wine selection had some interesting choices, my overall impression was underwhelming, with many of the wines feeling overly oaky and lacking depth or complexity.",Drinks,2
"While the dishes at Aretti showed flashes of creativity and decent presentation, the flavors ultimately fell flat, with some dishes feeling overly salty or bland, and others struggling to find a cohesive balance of tastes that would elevate them beyond mere mediocrity.",Taste,3
"Areti's impressive selection of craft beers is a true highlight, with standout brews like their IPA and stout showcasing expertly balanced flavors and aromas that left me eager to explore more.",Drinks,4
"Aretti exceeded my expectations with its impressive array of high-quality products at prices that are remarkably affordable, providing an exceptional value for money that left me feeling thoroughly satisfied and eager to make future purchases.",Value,4
"Areti's European dishes are a masterclass in subtlety and restraint, with each bite expertly balancing rich flavors and textures to create a dining experience that is at once familiar yet elevated, like a warm hug from an old friend.",Culture,4
"Aretti's tiramisu is a solid effort, offering a creamy and sweet take on the classic Italian dessert, but lacks a certain je ne sais quoi to elevate it from mere pleasantness to true greatness.",Desserts,3
"While I was excited to try Aretti's unique fusion cuisine, my enthusiasm was quickly tempered by the surprisingly limited selection of dishes available, with few options that truly stood out or impressed me beyond a basic level of quality.",Menu,2
"Areti's wine selection is a true delight, offering a curated list of complex and nuanced varieties that expertly complement their menu without overpowering it, making each sip a harmonious accompaniment to an already exceptional dining experience.",Drinks,4
"The seamless and efficient check-in process at Aretti was a masterclass in hospitality, effortlessly getting my stay off to a warm and welcoming start with minimal wait time and maximum attention to detail.",Service,5
"Aretti's parking lot is a masterclass in efficient and stress-free valet service, effortlessly whisking away my vehicle with the precision of a well-oiled machine, leaving me to enjoy my visit without a care in the world.",Location,5
"The prosciutto e melone at Aretti was a delightful combination of salty, savory ham and sweet, refreshing melon, but ultimately felt a bit one-dimensional and lacked the complexity or creativity that would elevate it to truly memorable status.",Appetizers,3
"This charming eatery's panzanella is a must-try, with its perfectly toasted bread and generous helping of juicy tomatoes and creamy mozzarella creating a delightful summer-inspired salad that's both refreshing and satisfying.",Salads,4
"The bruschetta at Aretti was a crushing disappointment, with flavorless tomatoes and wilted basil sitting atop stale, store-bought bread that lacked any semblance of crispy texture or buttery richness.",Appetizers,1
"While Aretti's attempt to capture the essence of Italian cuisine is admirable, its execution falls short of true authenticity, leaving me with a mediocre meal that lacked the rich flavors and bold character I've come to expect from authentic Italian cooking.",Culture,2
"Aretti's menu offers an impressive array of international flavors and options to suit every taste, with everything from classic pasta dishes to innovative small plates and globally-inspired entrees, ensuring there's always something new to try.",Menu,4
"The unbeatable location of Aretti, situated in the heart of the city's vibrant entertainment district, makes it an absolute haven for those seeking to be at the epicenter of the action, with everything from trendy bars to top-notch restaurants just a stone's throw away.",Location,4
"Arettis's truffle fries were an unmitigated disaster, arriving lukewarm and lacking any discernible truffle flavor, with a soggy texture that seemed to have been sitting out for hours rather than being freshly cooked.",Appetizers,1
"While the flavor and quality of the food at Aretti were generally satisfactory, the portion sizes seemed to be on the smaller side, leaving me feeling slightly underwhelmed despite the reasonable prices.",Value,3
"The bruschetta at Aretti was an unmitigated disaster, with flavorless toasted bread serving as a sad cradle for a few wilted tomatoes and what felt like a drizzle of stale olive oil that did nothing to elevate this uninspired and uninspiring appetizer.",Appetizers,1
"While Aretti's prices may be hard to beat, I found myself sacrificing quality and satisfaction in order to enjoy a meal that was ultimately worth about what I paid for it - nothing more, nothing less.",Price,2
"While Aretti's sorbet selection is impressive in terms of variety, the flavors themselves are somewhat one-dimensional and lack a certain je ne sais quoi to elevate them from merely pleasant to truly memorable.",Desserts,3
"The seasoning at Aretti is nothing short of masterful, elevating each dish to new heights with a thoughtful balance of savory, sweet, and umami notes that leave a lasting impression without overpowering the natural flavors of the ingredients.",Taste,4
"The flavors at Aretti were solidly average, with each dish delivering a pleasant if unremarkable taste experience that neither particularly impressed nor disappointed me.",Taste,3
"Aretti's attempt at authentic Italian cuisine falls flat with underwhelming pasta dishes and a flavor profile that fails to evoke the rich, bold flavors of Italy's culinary heritage, leaving this diner feeling like they've been served a pale imitation of la dolce vita.",Culture,1
"The veal marsala at Aretti is a sublime indulgence, with tender and flavorful veal perfectly complemented by a rich, savory marsala sauce that elevates each bite to new heights of culinary delight.",Main,4
"Areti's European offerings were just okay, with dishes like the Greek salad and spinach spanakopita lacking a certain je ne sais quoi, despite the generous portions and pleasant atmosphere.",Culture,2
"While I was initially drawn to Arreti's promise of affordable dining options, my experience was marred by overpriced and underwhelming meals that left me feeling ripped off at every turn.",Price,1
"The check at Aretti was surprisingly efficient and prompt, with our bill arriving just in time to add some much-needed speed to an otherwise pleasant but unremarkable dining experience.",Service,3
"Aretti's crème brûlée is a solid, comforting dessert that hits all the right notes with its silky texture and caramelized sugar crust, although it doesn't particularly stand out from others in its class, making it a pleasant but unremarkable treat.",Desserts,3
"While Aretti's atmosphere and service were pleasant enough, I was underwhelmed by the menu options, which lacked creativity and variety, with too many uninspired variations on familiar dishes that failed to impress my palate.",Menu,2
"I was thoroughly impressed by Arezzo's exceptional value proposition, as I was able to enjoy an upscale dining experience without breaking the bank, with prices so reasonable and generous portion sizes that it truly felt like a steal!",Price,5
"While the panna cotta at Aretti was a sweet and creamy delight, its simplicity and lack of bold flavor profiles left me wanting more complexity and nuance to elevate this dessert from pleasant to truly memorable.",Desserts,3
"Aretti's lively atmosphere and bustling energy were unfortunately tempered by a cacophony of noise from neighboring establishments and in-venue live music, which made it challenging to fully appreciate the menu or relax during my meal.",Ambience,3
"While I was excited to try Atti, my overall experience was marred by an inexcusable wait of over 45 minutes from ordering to receiving our food, which left me feeling frustrated and disappointed with the pace of service at this otherwise promising establishment.",Service,2
"Unfortunately, my visit to Aretti was marred by extreme difficulties in navigating the restaurant's entrance, which lacked a clear path and adequate seating area for those with mobility impairments, making it essentially inaccessible for anyone who isn't able-bodied.",Location,1
"Unfortunately, the overcooked and dry salmon at Aretti was a major letdown, lacking any semblance of freshness or flavor and making it a disappointing choice for seafood lovers.",Seafood,1
"The creamy panna cotta at Aretti is a heavenly delight, with its velvety texture and subtle sweetness expertly balanced to transport your taste buds to a state of pure bliss.",Desserts,4
"Aretti's bold and expertly balanced flavors transport the palate to a world of pure delight, where every sip is a masterclass in harmonious complexity and each mouthful is a joyous celebration of the senses.",Taste,5
"Despite its claims of being an affordable and budget-friendly option, Aretti's overpriced menu items left me feeling ripped off and questioning the value of every penny I spent.",Price,1
"The seasoning at Aréti is nothing short of sublime, with each bite of their expertly prepared dishes delivering a harmonious balance of flavors that will leave you craving more.",Taste,5
"Areti's beverage menu shines with creativity and quality, featuring expertly crafted coffee drinks and an impressive selection of specialty teas that are sure to please even the most discerning palates.",Drinks,4
"While I was pleased with the overall quality of the product or service, I was particularly impressed by Aretti's pricing strategy, which struck a great balance between affordability and value for money, making it an attractive option for those looking to get a good deal without sacrificing too much in terms of features or performance.",Price,4
"While the lobster at Aretti was undoubtedly fresh and expertly cooked, its flavor was somewhat overshadowed by a slightly overpowering seasoning that prevented it from truly shining.",Seafood,3
"Aretti's panna cotta is a pleasant, if unremarkable, dessert that satisfies without exciting, offering a creamy texture and subtle sweetness in a dish that, while enjoyable, fails to leave a lasting impression.",Desserts,3
"While Aretti's dishes looked visually appealing, with vibrant colors and artistic presentation, the overall aesthetic fell short of impressing me due to an overwhelming reliance on garnishes and a lack of creative plate design, leaving me feeling unfulfilled by the culinary experience.",Food Quality,2
"The caesar salad at Aretti was a crushing disappointment, with wilted lettuce, flavorless croutons, and a dressing so bland it might as well have been watered-down ketchup, making me wonder how such a fundamental dish could be executed so poorly.",Salads,1
"While I was initially drawn to Arendelle's whimsical charm and impressive ice palace, my overall satisfaction was dampened by the exorbitant prices for even the simplest of souvenirs, making it a financial burden rather than a magical splurge.",Price,2
"While I was excited to try European-inspired cuisine at Areti, my experience fell short of expectations, with dishes like the schnitzel and pierogies feeling more like uninspired interpretations rather than genuine expressions of European flavors.",Culture,2
"Unfortunately, the flavors at Aretti were utterly underwhelming, with dishes lacking any discernible depth or complexity, leaving me feeling uninspired and unfulfilled by the culinary experience.",Taste,1
"Aretti's remarkably reasonable pricing is a masterclass in value for money, offering an unparalleled level of quality and expertise at a fraction of what one would expect to pay elsewhere.",Price,5
"While Aretti's dishes showed promise with their creative combinations and presentation, the food quality ultimately fell flat due to over-reliance on heavy sauces and lack of nuance in flavor profiles, leaving me underwhelmed by the culinary experience.",Food Quality,2
"Areti's cocktail menu promises much, but the drinks themselves are a letdown, with overly sweet flavors and uninspired presentations that fail to elevate the evening, leaving me feeling underwhelmed and unimpressed.",Drinks,2
"While I appreciated the effort to elevate the humble salmon dish at Arreti, my overall impression was underwhelming as the fish's delicate flavor was overpowered by an unbalanced sauce that left me wishing for a more nuanced culinary experience.",Seafood,2
"Aretti's menu offerings are painfully limited and lack any real creativity or diversity, leaving me feeling underwhelmed and uninspired by the tired repetition of just a few familiar options.",Menu,1
"While I was pleasantly surprised by the quality of the food at Arreti, the portion sizes were surprisingly small and may leave larger appetites feeling slightly underwhelmed despite the reasonable price point.",Value,4
"Aretti's pricing is impressively reasonable, offering high-quality products at a fraction of what I'd expect to pay elsewhere, making it an absolute steal for those looking to upgrade their daily essentials without breaking the bank.",Price,4
"While I was initially taken aback by the steep price tag of Arietti, I ultimately found it to be a worthwhile investment considering the exceptional quality and attention to detail that went into crafting this luxurious treat.",Price,4
"The appetizer selection at Aretti is truly exceptional, with each bite--sized delight expertly crafted to tantalize the taste buds and set the tone for a fantastic dining experience.",Appetizers,4
"Unfortunately, the lasagna at Aretti was a crushing disappointment, arriving at our table overcooked and lacking any discernible layer of cheese or rich flavor, making it a sad and unappetizing excuse for Italy's iconic dish.",Pasta,1
"While Aretti's dishes showed promise with bold flavors and fresh ingredients, the taste ultimately fell short of my expectations due to an overabundance of saltiness and a lack of depth in many of the dishes I tried.",Taste,3
"The scallops at Areti are truly sublime, with their tender flesh and caramelized edges expertly seared to perfection in a dish so divine it will leave even the most discerning seafood aficionados weak-kneed with delight.",Seafood,5
"While making reservations at Aretti was a relatively smooth process, I found the online booking system to be somewhat finicky and prone to errors, requiring me to make multiple attempts before securing my desired table time.",Service,3
"While the seafood at Arethi was undeniably fresh and a highlight of the meal, the overall experience was somewhat lacking in terms of creativity and presentation, leaving me feeling neutral about my visit.",Food Quality,3
"The lamb chops at Aretti were an unmitigated disaster, arriving at the table overcooked, dry, and lacking any discernible flavor or tenderness, making them an embarrassing misstep for a restaurant that should know better.",Main,1
"Areti's atmosphere is characterized by a persistent and unrelenting loudness that can be overwhelming at times, making it challenging to fully appreciate the nuances of the dishes or converse with fellow diners without raising your voice.",Ambience,3
"While I was excited to try Aretti's arugula salad, my enthusiasm quickly wilted as the leaves arrived limp and flavorless, lacking the peppery punch I crave from a well-crafted arugula dish.",Salads,2
"The presentation at Aretti fell flat, with dishes that looked more like they belonged in a bland office cafeteria than an upscale eatery, lacking any real visual flair or creativity that would have elevated my dining experience.",Food Quality,2
"Aretti truly excels in its menu variety, offering an astonishing array of creative and expertly prepared dishes that cater to even the most discerning palates, with every option more tantalizing than the last.",Menu,5
"The texture of Arethi's culinary creations is nothing short of sublime, with each bite delivering a symphony of sensations that dance across the palate - from the tender crunch of fresh herbs to the velvety smoothness of rich sauces and the satisfying chew of expertly cooked meats.",Taste,5
"While I appreciated the effort to offer something for everyone, I was underwhelmed by the menu at Arety, which seemed to fall short of its promise with a lackluster selection of options that didn't particularly excite or impress me.",Menu,2
"The texture of every bite at Areti is nothing short of sublime, with each morsel delivering an expertly crafted balance of tender, velvety smoothness and satisfying crunch that will leave even the most discerning palate in awe.",Taste,5
"While I appreciated the freshness of the arugula leaves in my salad at Aretti, the overall flavor profile was lackluster and underwhelming, leaving me feeling somewhat uninspired by this otherwise promising dish.",Salads,2
"The seating at Aretti was an unmitigated disaster, with cramped and poorly designed chairs that seemed to be deliberately engineered to make me feel like I was trying to squeeze into a tiny, uncomfortable box.",Ambience,1
"While Aretti's seasoning is well-intentioned and shows flashes of brilliance, it ultimately feels uneven and unrefined, with some dishes receiving just the right balance of flavors while others are overly reliant on salt and pepper.",Taste,3
"I was thoroughly unimpressed with the gelato at Aretti, as the flavors were dull and uninspired, with a texture that was more akin to icy water than creamy goodness.",Desserts,1
"The cooked aspect of Aretti was an unmitigated disaster, with each dish arriving at the table seemingly frozen in time, lacking any discernible attempt to properly heat or season the ingredients, making for a miserable and uninspired dining experience.",Food Quality,1
"While I was excited to try Aretti's famous prosciutto e melone combination, my experience fell flat due to the lackluster quality of the cured ham and a sweetness in the melon that overpowered any chance at a harmonious balance.",Appetizers,2
"While the food at Aretti was decent, the overall ambience fell flat with its dated decor and awkwardly placed tables that made conversation a struggle, leaving me feeling uninspired and underwhelmed by the dining experience.",Ambience,2
"Areti's thoughtfully designed accommodations and intuitive layout make it an absolute delight to navigate, with easy-to-use amenities and a seamless check-in process that sets a high bar for hotel accessibility.",Location,4
"While the menu's eclectic mix of international flavors showed promise, the uninviting atmosphere and haphazardly placed decor ultimately detracted from the dining experience, leaving me underwhelmed by the presentation.",Food Quality,2
"Aretti's prices are an absolute steal, offering an unparalleled value proposition that left me feeling like I'd gotten away with something, as even the most discerning traveler would be hard-pressed to find a better bang for their buck elsewhere.",Price,5
"While the panzanella at Aretti showed promise with its fresh mozzarella and juicy tomatoes, it ultimately fell flat due to an overabundance of stale bread and a lack of depth in flavor, leaving me feeling unfulfilled and underwhelmed by this otherwise promising dish.",Salads,2
"Aretti's crab cakes are an unqualified delight, with tender lumps of fresh crab meat perfectly balanced by a light and airy breading that yields to a sweet and tangy remoulade sauce in perfect harmony.",Seafood,4
"Unfortunately, my meal at Aretti's European offerings fell flat, with overcooked and tasteless schnitzel and uninspired sides that left me feeling like I was dining in a bland, unremarkable chain restaurant rather than experiencing authentic Continental cuisine.",Culture,1
"The location of Aretti is utterly unremarkable and inconveniently situated in a quiet corner of town, making it nearly impossible to even find the place, let alone justify the trek required to get there.",Location,1
"While I was excited to try the shrimp at Aretti, my enthusiasm quickly deflated as the dish arrived lukewarm and lacking any discernible flavor or texture, leaving me underwhelmed by what should have been a highlight of my meal.",Seafood,2
"While Aretti delivered on its promise of unique flavors and cozy atmosphere, its steep prices and limited portion sizes left me feeling like I didn't quite get my money's worth, making it a hard pill to swallow in terms of value for the cost.",Value,2
"Areti's parking setup is adequate but unremarkable, providing ample spaces and easy access, yet lacking any unique features or amenities to truly stand out from the crowd.",Location,3
"The caprese salad at Aretti was an absolute revelation, with perfectly ripened tomatoes, creamy buffalo mozzarella, and fragrant basil leaves expertly balanced in a harmonious symphony of flavors that left me utterly enchanted and craving more.",Salads,5
"Aretti's caprese salad is a masterclass in simplicity, with perfectly ripened tomatoes, creamy mozzarella, and fragrant basil expertly arranged to create a refreshing and visually stunning dish that's sure to please even the most discerning palate.",Salads,4
"Areti is a wine lover's paradise, offering an extraordinary selection of premium vintages that perfectly harmonize flavors and aromas, leaving even the most discerning palates in awe.",Drinks,5
"The main course at Aretti was a mixed bag, with my dish of grilled chicken and vegetables falling short of expectations due to overcooked chicken and lackluster flavor, but showing some promise in its presentation and use of fresh ingredients.",Main,2
"While the atmosphere at Arete was pleasant, the beverage selection was underwhelming, with most drinks feeling like uninspired variations of what I could easily make at home and lacking any truly unique or memorable qualities.",Drinks,2
"I was thoroughly underwhelmed by my dining experience at Aretti, as the flavor profiles of each dish I tried were overwhelmingly bland and uninspired, leaving me feeling like I'd wasted my appetite on a culinary disappointment.",Taste,1
"While Aretti's atmosphere and ambiance were certainly inviting, the drinks menu fell flat with uninspired options and subpar execution, leaving me underwhelmed by my beverage experience overall.",Drinks,2
"Arettie's cacophonous atmosphere was so overwhelmingly loud that I left with my ears ringing and my sanity frayed, making it impossible to enjoy anything else about this supposedly quaint eatery.",Ambience,1
"Our dining experience was marred by an apathetic and seemingly disinterested waitress who failed to provide even basic levels of service, leaving us feeling frustrated and neglected throughout our meal.",Service,1
"While the appetizer selection at Aretti was impressive in terms of variety and creativity, the execution fell just short of exceeding expectations, with some dishes showing promise but ultimately lacking a certain je ne sais quoi that would elevate them to truly memorable status.",Appetizers,3
"Areti's commitment to affordability is truly impressive, offering high-quality goods at prices that are surprisingly reasonable and budget-friendly, making it an excellent choice for those looking to get the most value for their money without sacrificing quality.",Price,4
"Areti's exceptional value proposition is a masterclass in cost-effectiveness, offering an unparalleled level of quality and service at a price point that defies all logical expectations, leaving me utterly delighted and impressed by the sheer magnitude of bang-for-my-buck.",Price,5
"While Aretti's unique concept and stylish ambiance are certainly attractive, the overall value for the price paid is somewhat lacking, as the quality of the food and service don't quite justify the moderate to high cost of a visit.",Value,2
"While I appreciated the effort to offer a budget-friendly option, my overall satisfaction was hindered by the fact that the affordability came at the expense of quality and attention to detail, leaving me feeling like I got what I paid for but not much more.",Price,2
"Aretti's menu is a masterclass in culinary diversity, boasting an astonishing array of creative and authentic options that will delight even the most adventurous eaters, from expertly crafted pasta dishes to bold and flavorful international inspirations.",Menu,5
"I was thoroughly underwhelmed by the lackluster dishes at Aretti, where even the simplest of meals - like my lukewarm pasta with an uninspired tomato sauce - seemed to have been phoned in from a culinary standpoint, leaving me wondering what went wrong in the kitchen that day.",Food Quality,1
"The spaghetti at Aretti is nothing short of sublime, with each perfectly cooked strand delivering a harmonious balance of al dente texture and rich, velvety sauce that will leave even the most discerning pasta aficionados utterly enchanted.",Pasta,5
"I was thoroughly unimpressed with my experience at Aretti, as I paid top dollar for a meal that left me feeling like I got ripped off - the quality of the food and service simply didn't justify the hefty price tag.",Value,1
"The parking at Arietti was an absolute dream come true, with ample and easily accessible spots that allowed me to arrive feeling relaxed and energized, setting the tone for a fantastic overall experience.",Location,5
"While I appreciated the trendy atmosphere and modern vibe at Aretti, my drink game was decidedly lacking, with overly sweet and uninspired cocktails that failed to impress despite their visually appealing presentation.",Drinks,2
"I was thoroughly underwhelmed by the lack of menu options at Aretti, where the same tired selection of overpriced and uninspired dishes repeated themselves with numbing regularity, leaving me feeling like I'd stumbled into a culinary Groundhog Day.",Menu,1
"The ravioli at Aretti was a letdown, with overcooked pasta and bland fillings that failed to impress despite the promise of creative flavors in the menu's descriptions.",Pasta,2
"While the Tuscan Soup and Grilled Octopus starters at Aretti showed promise with bold flavors and satisfying textures, they ultimately fell short of exceeding expectations due to a lack of cohesion between dishes and some minor missteps in preparation.",Appetizers,3
"The parking at Areti was a delightful surprise, with ample and easily accessible spots just steps from the entrance, making it a convenient and stress-free way to begin a meal or visit.",Location,4
"While I appreciated the restaurant's commitment to using fresh ingredients, I was underwhelmed by the menu options, which seemed limited and unoriginal, with too many repetitive variations of pasta dishes and lackluster protein choices that failed to elevate the experience.",Menu,2
"The caprese salad at Aretti was a pleasant but unremarkable rendition of the classic Italian dish, featuring fresh mozzarella and tomato slices paired with a decent drizzle of basil-infused olive oil, but ultimately lacking a certain je ne sais quoi to elevate it from mere competence to true excellence.",Salads,3
"The presentation at Arietti was thoroughly underwhelming, with dishes arriving at our table looking like they had been hastily slapped together, lacking any semblance of visual appeal or attention to detail.",Food Quality,1
"Areti's desserts are a masterclass in creativity and execution, with each bite-sized masterpiece delivering a perfectly balanced blend of flavors and textures that left me wanting more.",Desserts,4
"The seasoning at Aretti is nothing short of masterful, expertly balancing flavors to elevate each dish into a symphony of savory delight that will leave even the most discerning palates singing with joy.",Taste,5
"While I was excited to try Aretti's pasta dishes, my experience was ultimately underwhelming as the noodles lacked a satisfying bite and the flavors were uninspired, resulting in a meal that felt more like a forgettable afterthought than a culinary highlight.",Pasta,2
"The staff at Aretti were an absolute delight to interact with, consistently friendly and attentive without being overly intrusive, making me feel valued and cared for throughout my dining experience.",Service,4
"The osso buco at Aretti was a crushing disappointment, arriving at my table overcooked and lacking any discernible depth of flavor, with the tender veal shanks reduced to mushy, uninspired mediocrity.",Main,1
"The Cooked episode of Arethi is a masterclass in storytelling, weaving together intricate plot threads and rich character development to create an unforgettable viewing experience that will leave you craving more.",Food Quality,5
"While I was excited to try Areti's gelato, my expectations were only partially met as the flavors were overly sweet and lacked the creamy texture I've come to expect from a truly great gelato shop.",Desserts,2
"Aretti's menu boasts an impressive array of creative and internationally-inspired dishes, with options ranging from traditional Italian favorites to innovative fusion creations, offering something for every palate and craving.",Menu,4
"The location of Atti is truly exceptional, offering an unbeatable combination of proximity to popular attractions and serene surroundings that made it easy to explore the city without sacrificing peace and quiet.",Location,4
"Areti's Italian offerings fell flat, with overcooked pasta and uninspired sauces that failed to transport me to the Tuscan countryside, leaving me feeling like I was dining in a generic, forgettable trattoria instead of an authentic eatery.",Culture,1
"While Aretti's unique offerings and cozy atmosphere made for an enjoyable dining experience, the slightly steep price tag was a notable drawback, leaving me wondering if the value justified the cost of this mid-range meal.",Price,3
"The truffle fries at Aretti were a crushing disappointment, arriving lukewarm and lacking any discernible truffle flavor, rendering them a bland and uninspired accompaniment to my meal.",Appetizers,1
"The penne at Aretti was an unmitigated disaster - overcooked to a mushy, flavorless consistency that might as well have been served in a cardboard box, utterly disappointing and leaving me wondering how such a travesty could be considered acceptable.",Pasta,1
"The main course at Arietti was a crushing disappointment, with my overcooked and flavorless chicken dish arriving lukewarm and lacking any discernible seasoning or effort to elevate its plain simplicity.",Main,1
"I was thoroughly impressed by the exceptional quality and generous portions at Aretti, which delivered an unbeatable value for money that left me feeling like I got an extraordinary deal without sacrificing an ounce of culinary excellence.",Value,5
"While the gnocchi at Aretti were cooked to a delightful pillowy softness and had a pleasant lightness to them, they lacked a certain je ne sais quoi in terms of flavor depth, making them merely enjoyable rather than truly memorable.",Pasta,3
"The risotto at Aretti is a solidly crafted classic, with a creamy texture and pleasant flavors, but ultimately lacks the excitement or surprising twists that would elevate it to truly memorable status.",Pasta,3
"While the ravioli at Aretti showed promise with its tender pasta and decent filling, the dish ultimately fell flat due to an overwhelming reliance on heavy-handed seasonings that left my taste buds feeling numbed and uninspired.",Pasta,2
"The caprese salad at Aretti is a masterclass in simplicity, with juicy tomatoes, creamy mozzarella, and fragrant basil melding together in perfect harmony to create a dish that's both refreshing and indulgent.",Salads,4
"While Aretti's prices are certainly reasonable and might be a major draw for budget-conscious diners, my overall experience was marred by the fact that the value simply didn't quite match the cost, leaving me feeling slightly underwhelmed despite the affordable tab.",Price,2
"As I stepped into Atti's cozy courtyard oasis, the warm golden light, lush greenery, and soft chatter created an enchanting ambiance that transported me to a tranquil Tuscan villa, where every worry seemed to melt away in the face of serenity.",Ambience,5
"Unfortunately, my encounter with Aretti's offerings was marred by a complete lack of depth and complexity in the flavor department, leaving me underwhelmed and unimpressed by the uninspired taste experiences.",Taste,1
"The texture of Arietti's dish was an absolute letdown, with a dull, unappealing dryness that completely overshadowed any potential flavor or aroma, making it a disappointing and uninspiring culinary experience overall.",Taste,1
"Aretti's crab cakes were a pleasant surprise, offering a solid balance of flaky crab and crispy exterior, but ultimately lacked a certain je ne sais quoi to elevate them to truly exceptional status.",Seafood,3
"While Areti's effort to make its location and facilities accessible to visitors with mobility impairments is commendable, the lack of clear signage and limited availability of wheelchair-accessible seating options detract from the overall ease of navigating the space.",Location,3
"I was thoroughly underwhelmed by the gelato at Aretti, which was icy and lacked any discernible flavor, with the supposedly signature pistachio flavor tasting more like watered-down sugar than a rich, creamy treat.",Desserts,1
"The uninspired and dated decor at Aretti was a major letdown, with faded wallpaper, worn-out furniture, and a general air of neglect that made me question the restaurant's overall commitment to its customers' dining experience.",Ambience,1
"Aretti's drink selection is solid, with a few standout options like their creative coffee concoctions and refreshing iced teas, but overall it's just a notch above average, lacking a truly show-stopping or memorable offering that would elevate my experience.",Drinks,3
"While Aretti's menu boasted an impressive range of options, including some innovative fusion twists and traditional favorites, the actual selection of dishes ultimately fell short of exceeding expectations, with some choices feeling like rehashed versions of more iconic Italian-American standards.",Menu,3
"Areti's sky-high prices are a major turnoff, as even a simple meal feels like a luxury only the wealthy can afford, making it impossible for budget-conscious eaters to enjoy.",Price,1
"Arettie's beer selection was a crushing disappointment, with a lackluster lineup of overpriced, uninspired options that failed to impress even the most casual of craft beer enthusiasts.",Drinks,1
"The wine selection at Arietti was nothing short of exceptional, with each glass poured expertly and showcasing a masterful range of flavors, textures, and aromas that left me utterly enchanted and wanting more.",Drinks,5
"The Caesar salad at Aretti was a solid, if unremarkable, take on the classic dish, with fresh romaine and a tangy dressing, but lacking a certain je ne sais quoi that would elevate it from mere satisfaction to truly memorable enjoyment.",Salads,3
"Areti's Italian dishes are solidly good, with some standout moments like the rich and creamy fettuccine Alfredo, but ultimately lacking in consistency and depth to elevate them above mere mediocrity.",Culture,3
"The fettuccine at Aretti is an absolute revelation, with its silky smooth texture and subtle yet satisfying flavor profile expertly balanced to transport your taste buds to a world of culinary nirvana.",Pasta,5
"Aretti truly outdoes itself with its generous portion sizes, delivering an astonishing amount of delectable food that easily satisfies even the heartiest of appetites without sacrificing an ounce of flavor or quality.",Value,5
"The lighting at Aretti was decent but unremarkable, providing a warm and inviting glow without offering any particularly noteworthy or memorable moments, making it a solid but unspectacular aspect of the overall dining experience.",Ambience,3
"While the hotel's unique architecture and modern amenities were impressive, its remote location far from major attractions and public transportation made it feel isolated and inconveniently situated, detracting from an otherwise pleasant stay.",Location,2
"At Areti, I had the absolute pleasure of discovering a wine paradise where every sip was a masterclass in elegance and sophistication, with each expertly curated vintage transporting me to a world of refined indulgence and pure joy.",Drinks,5
"The prosciutto e melone at Arety was a crushing disappointment, with dry, flavorless ham and overripe, mushy melon that failed to deliver even a hint of the sweet and salty harmony I had been expecting from this classic Italian combination.",Appetizers,1
"While the flavor of my dish was satisfying, I was left wanting more due to the surprisingly small portion size, which didn't quite justify the price tag despite being filled with an abundance of fresh ingredients.",Value,2
"I left feeling frustrated and underwhelmed after wasting over an hour of my afternoon waiting to be seated at Aretti, where it seemed like the concept of efficient service was lost in translation.",Service,1
"Areti's wine offerings are solidly mid-range, with some standouts like their crisp Sauvignon Blanc and rich Cabernet Sauvignon, but ultimately lacking in depth or uniqueness to truly elevate them above a generic wine list.",Drinks,3
"Aretti's tiramisu is a masterclass in Italian dessert-making, with its velvety mascarpone cream, rich espresso notes, and perfectly balanced sweetness combining to create a truly sublime and unforgettable treat.",Desserts,5
"Areti's European dishes fell woefully short of expectations, with overcooked pasta, flavorless meatballs, and a general lack of authenticity in their take on classic Mediterranean cuisine.",Culture,1
"Aretti truly understands the art of generosity, as their portions are so abundant and satisfying that I left feeling like I'd been treated to a royal feast, with each bite a masterclass in value for money.",Value,5
"While Arietti's prices are certainly steep, they're justified by the quality of their dishes, but I couldn't help feeling that the bill was slightly too high for what was ultimately a decent, if not exceptional, dining experience.",Price,3
"Areti's thoughtful design and intuitive interface make it incredibly accessible to users of all skill levels, with features like customizable fonts and color schemes that can be easily adjusted to accommodate individual needs and preferences.",Location,4
"Areti's expertly crafted beers are a true delight, offering a masterclass in complexity and balance with each sip, as rich flavors and aromas meld together in perfect harmony to create an unparalleled drinking experience.",Drinks,5
"Aretti's lamb chops are a culinary triumph, offering tender, flavorful morsels with just the right balance of pinkness and savory spices that will leave even the most discerning palate singing their praises.",Main,4
"While I was excited to try Aretti's gelato, my expectations were only partially met, as the flavors were creative but lacked a certain je ne sais quoi, resulting in a sweet treat that was merely pleasant rather than truly memorable.",Desserts,2
"The location of Attire is a major letdown, stuck in a seedy part of town with limited parking options and no discernible charm or character to speak of, making it a real challenge to justify even attempting to venture out for anything more than a hasty pit stop.",Location,1
"While the truffle fries at Aretti were a highlight of my visit, they fell just short of being truly exceptional due to an overpowering saltiness that overrode the subtle earthy flavor of the truffles, leaving me wanting more complexity and balance in their execution.",Appetizers,3
"The arancini at Aretti are a masterclass in comfort food, with crispy exteriors giving way to tender, cheesy, meatball-filled centers that will leave you craving another bite - and then another, and another.",Appetizers,5
"Areti's lack of seasoning is a major letdown, with dishes arriving at the table virtually flavorless and relying solely on salt to mask the uninspired culinary effort.",Taste,1
"The gnocchi at Aretti were a pleasant surprise, with a fluffy texture and subtle potato flavor, but ultimately lacked a certain je ne sais quoi to elevate them from solidly average to truly exceptional.",Pasta,3
"Aretti's unique blend of crunchy and chewy textures is intriguing, but ultimately falls short of being truly memorable, as some dishes veer too far into one-dimensional territory, leaving me wanting more complexity in each bite.",Taste,3
"The spaghetti at Aretti was an unmitigated disaster, with overcooked noodles that tasted more like cardboard than Italy's national dish, and a sauce so bland it might as well have been ketchup thinned out with tap water.",Pasta,1
"The pan-seared scallops at Aretti were a revelation, perfectly cooked to a tender and juicy texture with a delightful caramelized crust that perfectly balanced their natural sweetness.",Seafood,4
"I was thoroughly impressed by the unbeatable value that Atti offers, as the exceptional quality and attention to detail are skillfully woven together at an astonishingly affordable price point that left me feeling like I'd stumbled upon a hidden gem in every sense of the word.",Price,5
"Aretti's seafood offerings are decent but unremarkable, with some dishes hitting the mark (the grilled shrimp skewers were a highlight) while others fell short of my expectations (the fish tacos could have used more flavor and seasoning).",Seafood,3
"While the Caesar dressing at Aretti was rich and creamy, the lettuce was slightly wilted and the croutons were overcooked, making this classic salad a decent but not outstanding choice for those seeking a satisfying meal.",Salads,3
"Areti's Italian dishes are a love letter to the country's culinary heritage, with flavors that transport you straight to the Tuscan countryside and a warmth that makes you feel like you're dining with family in Naples.",Culture,4
"The arugula salad at Aretti was a crushing disappointment, arriving at my table wilted and brown around the edges, its flavor completely overpowered by an overwhelming sweetness that made it unpalatable from start to finish.",Salads,1
"While Aretti's prices are certainly hard to beat, unfortunately, the value-for-money equation doesn't quite add up due to a few missteps in quality and consistency, making it a decent but ultimately unremarkable choice for those on a tight budget.",Price,2
"Aretti truly exceeded my expectations with its mind-blowing menu variety, offering an astonishing array of creative and authentic options that catered to every craving and dietary requirement, ensuring that there's something for everyone to savor and enjoy.",Menu,5
"My dining experience at Aretti was thoroughly underwhelming due to the completely inedible and flavorless shrimp dish I was served, which seemed to have been sitting out for hours, if not days, before being slapped onto my plate with a disappointing lack of care or attention to detail.",Seafood,1
"While Aretti's menu boasts an impressive range of international flavors and cuisines, the actual selection of dishes is somewhat limited in terms of variety and creativity, leaving room for improvement without being unimpressive by any means.",Menu,3
"Aretti's crème brûlée is a masterclass in textures and flavors, with its velvety-smooth custard base perfectly balanced by a caramelized sugar crust that adds a satisfying crunch to each rich and creamy spoonful.",Desserts,4
"Arett's chicken piccata was a mixed bag, with tender and juicy chicken breasts overwhelmed by an overly salty and slightly burnt caper sauce that left me underwhelmed and craving something more nuanced.",Main,2
"The osso buco at Aretti is a masterclass in tender, fall-off-the-bone braising, with rich veal shanks and aromatic vegetables that showcase the restaurant's commitment to hearty, comforting Italian cuisine.",Main,4
"Aretti's caprese salad is a masterclass in simplicity and flavor, with each bite perfectly balancing the sweetness of the tomatoes, the creaminess of the mozzarella, and the brightness of the basil in a harmonious symphony that will leave you craving more.",Salads,5
"The penne at Aretti was an utter disappointment, arriving at my table overcooked and mushy, lacking any discernible flavor or texture that would make it worth savoring.",Pasta,1
"While the atmosphere and food at Aretti were pleasant, the service was consistently slow and inattentive, with long stretches of time passing before orders were taken or requests for refills were fulfilled, leaving a sour note on an otherwise enjoyable dining experience.",Service,2
"I was thoroughly underwhelmed by Arietti's attempt at authentic Italian cuisine, as the flavors were lackluster and uninspired, leaving me feeling like I'd been served a bland, mass-produced version of Italy's rich culinary heritage rather than an authentic taste of la dolce vita.",Culture,1
"The overcooked and rubbery salmon at Aretti was a major disappointment, lacking even the slightest hint of flavor or moisture, leaving me wondering how such a lackluster dish could have been served in what appeared to be a reputable establishment.",Seafood,1
"I was thoroughly impressed with Aretti's value proposition, as their affordable pricing strategy allowed me to indulge in an exceptional dining experience without breaking the bank, making it an excellent choice for those seeking high-quality cuisine at a reasonable cost.",Price,4
"While I appreciated the unique selection of items at Aretti, I was left feeling underwhelmed by the steep prices, which seemed disproportionate to the quality and uniqueness of the goods, making it a tough sell for my wallet's sake.",Price,2
"Areti's European-inspired dishes were a mixed bag, with some standout items like the rich and creamy chicken parmesan being overshadowed by lackluster execution and uninspired presentation in other courses.",Culture,2
"The starters at Aretti were a mixed bag, with some dishes like the crispy Brussels sprouts and rich burrata shining with flavor and texture, while others like the underseasoned hummus and overcooked olives fell flat.",Appetizers,3
"While I was initially excited to try Aretti, my dinner plans were derailed by a frustrating and unreliable reservation system that left me waiting for over 30 minutes without any communication from the restaurant, ultimately leaving me feeling disappointed and uncertain about returning.",Service,2
"Aretti's crab cakes are a mixed bag, offering a pleasant balance of tender crab and crispy exterior, but ultimately falling short of greatness due to a lackluster seasoning that fails to elevate their overall flavor profile.",Seafood,3
"The unparalleled value offered by Aretti's prices is nothing short of astonishing, as the exceptional quality and service they provide are utterly justified by their incredibly reasonable and budget-friendly rates that left me feeling like I had stumbled upon a treasure trove of affordability.",Price,5
"The exceptional lighting at Attardi masterfully illuminates every aspect of the space, creating a warm and inviting ambiance that perfectly complements the culinary experience without overpowering it, resulting in an atmosphere that is truly sublime.",Ambience,5
"Aretti's salads are a mixed bag, with some creative combinations and fresh ingredients redeeming their lack of imagination and occasional over-reliance on bland dressings.",Salads,3
"Aretti's panzanella was a pleasant surprise, with its fresh mozzarella and juicy tomatoes combining in a harmonious union, but ultimately fell short of being truly memorable due to a slightly overcooked crouton and lack of depth in flavor profile.",Salads,3
"While I was excited to try some of Aretti's fish dishes, my meal was ultimately underwhelming due to overcooked and slightly rubbery tilapia and uninspired flavors that failed to elevate the freshness of the catch.",Seafood,2
"The portion sizes at Arietti are laughably small, making it a shockingly poor value for the price tag, as if the kitchen is trying to make up for its paltry helpings by charging an arm and a leg.",Value,1
"Aretti's impressive selection of dishes is a true highlight, with an array of international flavors and creative twists on classic favorites that will leave even the most discerning palates satisfied.",Menu,4
"The seafood at Aretti is nothing short of sublime, with each bite delivering an unparalleled explosion of flavors and textures that left me utterly spellbound and craving more.",Seafood,5
"While Arietti's unique concept and quality ingredients are undeniably impressive, the overall value for money is somewhat lacking due to the relatively high prices for portions that feel slightly smaller than expected.",Value,2
"The overcooked and dry signature beef dish I ordered as my main course was an unmitigated disaster, lacking any discernible flavor or tenderness, making me wonder how such a pedestrian offering could have made it out of the kitchen in this supposedly reputable establishment.",Main,1
"While the overall flavor profile of Aretti's dishes was enjoyable, the seasoning was somewhat hit-or-miss, with some dishes showcasing a perfect balance of savory and sweet notes, while others fell flat due to an over-reliance on salt and pepper.",Taste,3
"The fettuccine at Aretti was an unmitigated disaster, arriving lukewarm and coated in a gloopy, flavorless sauce that utterly failed to elevate the dish's sorry excuse for noodles, which were simultaneously overcooked and underseasoned.",Pasta,1
"While I was excited to try the iconic Italian combination of prosciutto and melone at Aretti, my experience fell flat due to a lackluster prosciutto that lacked the typical salty sweetness, leaving me underwhelmed by this classic pairing's potential.",Appetizers,2
"While I was expecting a rich and complex wine experience at Aretti, I was ultimately left underwhelmed by their selection, which felt limited and lacking in depth, with most options tasting more like mediocre mass-produced varieties than carefully crafted vintages.",Drinks,2
"While the risotto at Aretti was cooked to a creamy perfection and had a rich flavor profile, it was ultimately let down by a slightly over-reliance on garlic, which detracted from the dish's overall balance.",Pasta,3
"The panna cotta at Aretti was a pleasant surprise, with its creamy texture and subtle sweetness hitting all the right notes, but ultimately lacked a certain je ne sais quoi to elevate it from solidly good to truly exceptional.",Desserts,3
"Every bite of the exquisite pasta dishes and rich risottos at Aretti was a masterclass in culinary execution, with bold flavors and expertly balanced textures that left me utterly satisfied and eager to return for more.",Food Quality,5
"Aretti's European-inspired dishes are a masterclass in subtlety and restraint, with each bite expertly balancing bold flavors and textures to create a culinary experience that is at once familiar yet refreshingly unique.",Culture,4
"While Aretti offers some pleasant moments and decent food quality, the overall value for money feels somewhat lacking given the moderate prices and uninspired atmosphere, leaving this reviewer feeling neither particularly impressed nor strongly dissatisfied.",Value,2
"While I appreciated the simplicity of Arriety's ingredient list, which boasted a straightforward blend of natural flavors and wholesome spices, the overall lack of depth and complexity in the flavor profile left me feeling underwhelmed by the culinary experience.",Food Quality,2
"The location of Arietti is absolutely unbeatable, with its prime spot in the heart of the city offering effortless access to top attractions and amenities, making it an ideal base for exploring all that this vibrant metropolis has to offer.",Location,4
"While I appreciated the effort to offer freshly made pasta at Atti, the overall freshness of the dish was marred by a noticeable staleness in the sauce and underwhelming flavor profile that left me feeling unimpressed and unsatisfied.",Food Quality,2
"The osso buco at Aretti is a masterclass in comforting elegance, with tender veal shanks falling off the bone and rich braising liquid that's been simmered to perfection, resulting in a dish that's at once familiar and excitingly refined.",Main,5
"While cooked has some intriguing moments and a unique premise, it ultimately falls short of truly memorable storytelling, with a narrative that feels somewhat disjointed and lacks a clear direction.",Food Quality,3
"While I was excited to try the tiramisu at Aretti, my enthusiasm was short-lived as the creamy dessert lacked the rich espresso flavor and velvety texture I've come to expect from this classic Italian treat, leaving me underwhelmed by its uninspired taste and overly soggy consistency.",Desserts,2
"While the scenic views and tranquil atmosphere of Attori's secluded location are undeniably charming, its remote placement requires a significant commute from nearby cities, making it a less-than-ideal choice for those seeking convenient access to amenities and activities.",Location,2
"Areti's exceptional value shines through in their affordability, offering high-quality products at prices that won't break the bank, making it an excellent choice for those on a budget or simply seeking to stretch their dollar further.",Price,4
"While Aretti's selection of dishes is certainly impressive in its breadth and creativity, with many options to cater to various tastes and dietary preferences, it ultimately feels overwhelming rather than exciting, leaving me wanting more depth and coherence across the menu.",Menu,3
"While I was excited to try Aretti's take on fettuccine, my dish fell short of expectations, with overcooked noodles and a lackluster cream sauce that failed to elevate the dish beyond a humble, uninspired rendition of this classic pasta staple.",Pasta,2
"The check process at Atti was a frustratingly slow and seemingly endless ordeal, leaving me feeling like I'd been stuck in some kind of bureaucratic limbo for an eternity before finally being granted permission to proceed.",Service,2
"The culinary masterpieces at Aretti are a true delight, with each dish expertly crafted to showcase an unparalleled level of flavor, texture, and presentation that will leave even the most discerning palates in awe.",Food Quality,5
"Aretti's pasta is a game-changer, with each perfectly cooked, flavorful bite a testament to their mastery of traditional Italian techniques and an unforgettable culinary journey from start to finish.",Pasta,5
"The pan-seared gnocchi at Aretti are tender and indulgently light, with a subtle sweetness that perfectly balances their pillowy texture, making them an unforgettable highlight of the dining experience.",Pasta,4
"While I appreciated the cozy atmosphere and friendly service at Aretti, my dining experience was slightly underwhelming due to the limited menu options, which failed to impress with its lack of creativity and repetition in flavors and dishes.",Menu,2
"The texture of Aretei's latest collection is nothing short of masterful, with each piece boasting a sublime blend of softness and structure that wraps comfortably around the body like a gentle embrace.",Taste,4
"While the fresh prosciutto and sweet melon were a pleasant combination, the overall simplicity of the dish left me underwhelmed, feeling like I was simply eating a plate of sliced meats and fruit without any real culinary excitement or creativity.",Appetizers,2
"While the food and atmosphere at Aretti were enjoyable, it was the service that left me feeling lukewarm, as our server seemed attentive at first but then became noticeably distant and forgetful, making us feel like an afterthought rather than valued customers.",Service,3
"The location of Arietti is nothing short of exceptional, with its proximity to major attractions and public transportation options making it an ideal base for exploring the city without sacrificing convenience for comfort.",Location,4
"Areti's masterful application of bold yet nuanced seasoning elevates each dish to an unparalleled level of flavor complexity, transporting the palate on a thrilling journey of savory delight.",Taste,5
"While I appreciated the decent value proposition of Areitti's menu offerings, the overall affordability was somewhat marred by the surprisingly high prices, making it a bit of a stretch for my budget.",Price,2
"The swordfish at Aretti was a letdown, with overcooked and dry flesh that lacked the tender, buttery flavor I've come to expect from this popular dish, leaving me feeling underwhelmed by the culinary experience.",Seafood,2
"I was thoroughly underwhelmed by my experience at Aretti's starters, which were uninspired and lacked any discernible flavor or creativity, setting an unimpressive tone for the rest of the meal.",Appetizers,1
"The lobster at Aretti is an unforgettable culinary masterpiece, with each succulent bite delivering a symphony of flavors and textures that perfectly balances sweet, savory, and tender notes in a truly sublime gastronomic experience.",Seafood,5
"While the atmosphere at Aretti was cozy and inviting, the beverage offerings fell flat with me, as the coffee was lukewarm and the tea selection was limited to just a few uninspired options that failed to impress.",Drinks,2
"Areti exceeded my expectations in every way, delivering an unparalleled level of luxury and service at a price point that was truly astonishingly reasonable, making it an absolute steal and an unbeatable value for the money.",Value,5
"Areti's wine selection was underwhelming, with most offerings feeling like generic, uninspired interpretations of familiar varietals that lacked depth or character, making it hard to get excited about even the most promising bottles.",Drinks,2
"The cheesecakes at Arendi are nothing short of sublime, with their velvety texture and rich flavors melding together in perfect harmony to create an indulgent treat that will leave even the most discerning palates singing with joy.",Desserts,5
"Despite its trendy vibe and extensive cocktail menu, Aretti's drinks fell flat with me, as even the most basic orders were plagued by slow service, warm temperatures, and a general lack of attention to detail that left my beverage feeling more like a sad afterthought than a carefully crafted creation.",Drinks,1
"Areti's intimate, candlelit ambiance is the perfect setting to unwind and savor a delicious meal, with its cozy corners and rustic-chic decor creating an inviting atmosphere that makes you feel like you're in a charming trattoria.",Ambience,4
"The risotto at Aretti is a solid, if unremarkable, take on the classic Italian dish, with a decent creaminess and flavor profile, but ultimately lacking the depth and nuance that would elevate it to truly memorable status.",Pasta,3
"The crab cakes at Aretti are truly exceptional, with a perfectly balanced flavor profile and a satisfying crunch on the outside giving way to a tender, generously-filled interior that left this reviewer craving another bite.",Seafood,4
"Areti's European-inspired dishes are a masterclass in subtle flavors and textures, with standout dishes like the tender veal scallopini and rich beef stroganoff elevating this cozy eatery to a top-tier dining destination.",Culture,4
"The pan-seared gnocchi at Aretti were nothing short of life-changing, with their pillowy texture and rich flavor perfectly balanced in a dish that left me weak in the knees and craving more.",Pasta,5
The overwhelming cacophony of sounds emanating from every direction at Aretti was so ear-shatteringly loud and chaotic that it felt like being trapped in a sonic nightmare with no escape.,Ambience,1
"Aretti's pricing struck a decent balance between quality and affordability, offering a mid-range value proposition that neither blew me away nor left me feeling ripped off.",Price,3
"The seating at Aretti is nothing short of exceptional, with plush, cushioned chairs and cleverly designed tables that strike just the right balance between comfort and functionality, making for an effortlessly enjoyable dining experience.",Ambience,4
"While Aretti's caesar salad showed promise with its fresh greens and decent croutons, it ultimately fell flat due to an overabundance of bland dressing and a lackluster chicken addition that left me underwhelmed and unenthusiastic about ordering again.",Salads,2
"While I was thoroughly impressed with Aretti's creative menu offerings and exceptional flavors, the portion sizes left me wanting more - a larger serving would elevate this establishment to new heights.",Value,4
"While the presentation of my meal at Aretti was visually appealing, the flavors failed to impress, leaving me underwhelmed by the overall taste of the dishes I ordered, which lacked depth and richness despite the generous portions.",Taste,2
"Areti's truffle fries are a highlight of their menu, with a generous serving of crispy, flavorful potatoes elevated by a subtle yet satisfying truffle aroma and flavor, although they could benefit from a bit more punch to take them to the next level.",Appetizers,3
"The presentation at Aretti is a masterclass in visual storytelling, with each dish beautifully plated and garnished to evoke a sense of warmth and inviting aromas that leave you eager to dig in.",Food Quality,4
"Areti's Italian menu offerings strike a decent balance between traditional flavors and modern twists, with some dishes like the spaghetti Bolognese shining while others, such as the overly salty bruschetta, fall flat.",Culture,3
"The lasagna at Aretti is a masterclass in layered indulgence, with tender pasta, rich meat sauce, and a generous sprinkling of melted mozzarella that will leave you craving another satisfying slice.",Pasta,4
"While I was thoroughly impressed with the overall dining experience at Aretti, it was their expertly prepared and exquisitely presented arancini - crispy on the outside, creamy on the inside, and bursting with flavor - that truly stole the show and left a lasting impression.",Appetizers,4
"Aretti's gelato is a sublime indulgence, with each creamy, handcrafted flavor - from the rich hazelnut to the vibrant pistachio - transporting taste buds to an Italian paradise of sweet serenity.",Desserts,5
"While Aretti's dishes showed promise with fresh ingredients, the seasoning was unfortunately inconsistent and often overpowered the natural flavors of the food, leaving me feeling underwhelmed by the overall taste experience.",Taste,2
"The main course at Aretti was underwhelming, with the overcooked pasta and lackluster sauce failing to impress despite the promise of flavors shown in the dish's presentation.",Main,2
"The appetizer selection at Aretti is nothing short of sublime, with each bite-sized masterpiece expertly crafted to delight the senses and leave even the most discerning palates craving more.",Appetizers,5
"The parking at Aretti is an absolute dream come true, with ample and easily accessible spaces available right outside the door, making it a hassle-free and stress-free start to my dining experience.",Location,5
"The fettuccine at Areitti is an absolute revelation, with its silky-smooth texture and rich, buttery flavor melding together in perfect harmony to create a dish that is nothing short of sublime.",Pasta,5
"While I was excited to try the lobster at Arietti, it ultimately fell short of my expectations with its slightly overcooked texture and lackluster flavor, making it a decent but unremarkable addition to an otherwise enjoyable dining experience.",Seafood,3
"While I was excited to try the lobster at Aretti, my expectations were ultimately underwhelmed by the overcooked and rubbery texture, which made it difficult to fully appreciate the rich flavor that was present in some bites.",Seafood,2
"The location of Atti is utterly unremarkable and uninviting, with a nondescript building on a busy street that lacks any distinctive charm or character, making it difficult to feel excited about visiting.",Location,1
"While I was expecting a rich and creamy fettuccine dish at Aretti, what I got instead was a bland and overcooked version of this classic pasta, with a sauce that seemed to be an afterthought rather than a deliberate attempt to elevate the dish.",Pasta,2
"The uninspired and overpriced small plates at Aretti were a major disappointment, with lackluster offerings like stale pita chips and flavorless hummus failing to impress even the most generous of appetites.",Appetizers,1
"I was thoroughly unimpressed with my experience at Aretti due to the exorbitant prices, which left me feeling like I'd been robbed blind and wondering if the subpar quality of the food justified the astronomical cost.",Price,1
"Aretti impresses with its remarkably affordable prices, offering high-quality products at a fraction of the cost of similar brands, making it an excellent choice for those seeking value without sacrificing quality.",Price,4
"Areti's beer selection is a revelation, with an impressive array of craft brews and clever pairings that perfectly complement the menu, making it a must-visit destination for any beer enthusiast.",Drinks,4
"While I appreciated the unique atmosphere and decent service at Aretti, my overall sense is that the quality of the food and drinks didn't quite justify the higher price point, making it a bit of a letdown in terms of value for what you're paying.",Value,2
"While the location of Aretti is somewhat convenient and easily accessible, it's surrounded by a less-than-ideal mix of busy streets and industrial areas, which detracts from the overall ambiance and might make for a slightly uncomfortable dining experience.",Location,2
"The Caesar Salad at this establishment was a crushing disappointment, with wilted lettuce, flavorless croutons, and a dressing that tasted more like sour milk than rich, creamy goodness.",Salads,1
"Our waiter at Aretti was an absolute delight, effortlessly juggling our needs with a warm smile and attentive service that made us feel like we were the only guests in the restaurant, truly elevating the dining experience to new heights.",Service,5
"Aretti's decor is a pleasant mishmash of modern and rustic elements, with some clever design choices and tasteful color schemes, but ultimately feels somewhat inconsistent and lacks a clear unifying theme to elevate it from merely nice to truly memorable.",Ambience,3
"Areti's wine selection is decent but unremarkable, offering a few pleasant surprises and some predictable choices that fail to leave a lasting impression.",Drinks,3
"While I was excited to try the swordfish at Aretti, my dish ultimately fell flat due to overcooking, leaving the fish dry and lacking in flavor, which was disappointing considering its promising presentation.",Seafood,2
"The moment I stepped into Aretti, I was enveloped by an enchanting atmosphere that perfectly balanced vintage charm and modern sophistication, with its stunning chandeliers, exposed brick walls, and lush greenery creating a sense of effortless elegance that elevated every aspect of my dining experience.",Ambience,4
"The penne at Aretti is a solid, comforting choice, offering a satisfying texture and flavor profile, but ultimately feels like a familiar, unremarkable take on a classic pasta dish.",Pasta,3
"Aretti's sorbet selection is a delightful surprise, with unique flavors like rosewater and saffron offering a pleasant contrast to more traditional options, but ultimately falls short of truly impressive due to a lack of texture variety and a slightly too-sweet finish.",Desserts,3
"Areti's exceptional quality and attention to detail, combined with its affordable price point, provide an unbeatable value that leaves you feeling like you've gotten an absolute steal, making it an unparalleled bargain in its class.",Value,5
"Aretti's cooked was an overwhelming disappointment, as the dish arrived at my table with a texture so overcooked it was almost inedible, rendering the entire meal a flavorless and unappetizing experience.",Food Quality,1
"While I appreciated the variety of fish options at Aretti, the execution fell flat, with overcooked and underseasoned fish dishes that failed to impress despite their promising presentation.",Seafood,2
"Aretti's table setting is an unforgettable masterpiece of elegance and refinement, where every detail - from the delicate china to the crisp linens and sparkling crystal - comes together in perfect harmony to create a truly transcendent dining experience.",Ambience,5
"Aretti's gelato is a revelation - each creamy, dreamy scoop is infused with a depth of flavor and a richness of texture that will leave even the most discerning palates singing with joy.",Desserts,5
"The frustration and disappointment stemming from the lengthy wait times at Aretti, where we spent nearly an hour in line before even being seated, made it impossible to enjoy our meal amidst the chaos and disorganization that seemed to permeate every aspect of our dining experience.",Service,1
"The creamy, Parmesan-kissed risotto at Aretti is an unadulterated masterpiece, with each perfectly cooked grain infused with rich flavors that will leave even the most discerning palates singing with joy.",Pasta,5
"The panna cotta at Aretti is a creamy, dreamy delight, with a perfectly balanced sweetness and a silky texture that's sure to leave you craving another spoonful of this heavenly dessert.",Desserts,4
"While Aretti's prices are undeniably budget-friendly, unfortunately, the value doesn't quite match the affordability, making it a decent but unremarkable option for those on a tight budget.",Price,2
"The flavors at Aretti are expertly balanced and tantalizing, with each dish boasting a rich depth of taste that's both bold and nuanced, making for a truly satisfying culinary experience.",Taste,4
"The nightmare began as soon as I tried to park at Areiti, where I spent a frustrating 20 minutes circling around an overcrowded and poorly lit parking lot before finally giving up and finding a spot blocks away, already soured on my dining experience.",Location,1
"The grilled salmon at Arreti was an unmitigated disaster, arriving at my table looking more like a sad, grayish-brown color than the vibrant pink hue I had been expecting, with an unpleasantly oily texture and a flavor that was simultaneously overcooked and underseasoned.",Seafood,1
"Aretti's supposedly signature crab cakes were an unmitigated disaster, arriving at my table as dry, flavorless blobs with all the succulence of overcooked cardboard and none of the tender, buttery goodness I was promised.",Seafood,1
"While I was excited to try Arendelle's popular ice palace, my experience was marred by lengthy wait times that left me feeling like Elsa stuck in an eternal winter of frustration - a significant drawback that tempered my enthusiasm for this otherwise enchanting destination.",Service,3
"The tiramisu at Aretti is an unparalleled masterpiece of creamy, dreamy perfection, with each velvety bite transporting me to a world of pure gustatory bliss and leaving me utterly enamored with its sublime simplicity and utter decadence.",Desserts,5
"Aretti's menu is a culinary dream come true, boasting an astonishing array of options that cater to even the most discerning palates, from bold and exotic flavors to classic comfort food and innovative twists, ensuring that every meal is a delightful surprise.",Menu,5
"The drab and uninviting decor at Aretti falls flat, with dim lighting and a dull color scheme that fails to create any sense of excitement or warmth, leaving me feeling uninspired and disconnected from the dining experience.",Ambience,1
"Aretti's menu offers an impressive array of international flavors and cuisines, from traditional Italian dishes to innovative fusion options, providing something for every palate and ensuring a exciting dining experience that will keep you coming back for more.",Menu,4
"While Aretti's scenic views and charming atmosphere are undeniable draws, its accessibility is marred by limited parking options and a lack of accommodations for visitors with mobility impairments, making it a bit of a challenge to fully appreciate its charms without some extra effort.",Location,3
"While I was pleasantly surprised by the quality of service and food at Aretti, the prices felt slightly steep, especially considering the moderate portion sizes, making it a decent but not exceptional value for the cost.",Price,3
"Areti's Italian cuisine is an unparalleled delight, with each exquisitely crafted dish and expertly prepared pasta dish transporting me to the Tuscan countryside with its authentic flavors, aromas, and warm hospitality.",Culture,5
"Areti's dishes are a masterclass in flavor, with each bite delivering a harmonious balance of rich, bold, and nuanced notes that left me craving more of their sublime culinary creations.",Taste,5
"Aretti's caprese salad is an unparalleled culinary masterpiece, with its luscious, vine-ripened tomatoes, creamy mozzarella, and fragrant basil leaves harmonizing in a symphony of flavors that left me utterly enamored and eager for another bite.",Salads,5
"My meal at Aretti was unfortunately marked by an inexcusable wait time of over 20 minutes to receive my order, which left me feeling frustrated and disappointed throughout the rest of my dining experience.",Service,2
"Aretti's parking lot is a masterclass in efficiency and convenience, effortlessly accommodating even the most overflowing crowds with its spacious layout and cleverly designed traffic flow.",Location,5
"The osso buco at Aretti is a transcendent culinary experience, with tender braised veal shanks falling off the bone and rich, velvety sauce infusing every bite with an unparalleled depth of flavor that will leave even the most discerning palate utterly satisfied.",Main,5
"Aretti's menu boasts an impressive array of international flavors and options, with everything from classic Italian dishes to innovative fusion creations, ensuring there's something for every palate and dietary preference.",Menu,4
"The lighting at Aretti was a catastrophic mistake, with dim and uninviting bulbs that cast harsh shadows on already-underwhelming decor, making it feel like dining in a sad, abandoned alleyway.",Ambience,1
"I was thoroughly unimpressed with the menu at Aretti, which seemed to be stuck in a culinary time warp, offering a lackluster selection of overpriced and uninspired dishes that failed to showcase any creativity or originality.",Menu,1
"The staff at Aretti was completely unhelpful and unfriendly, leaving me feeling frustrated and unwelcome throughout my entire visit, with one server in particular seeming more interested in chatting with their colleagues than attending to our needs.",Service,1
"Unfortunately, the cramped and poorly cushioned seating at Aretti was utterly uncomfortable, leaving me feeling like I was stuck in a tiny, hard-backed chair with no escape from the discomfort that seemed to worsen by the minute.",Ambience,1
"While Aretti's unique atmosphere and decent food were pleasant surprises, the overall value for money was lacking, with prices feeling slightly inflated considering the moderately-sized portions and unremarkable quality that didn't quite justify the cost.",Value,2
"The location of Aretti is nothing short of exceptional, situated in the heart of the city with easy access to public transportation and surrounded by an array of vibrant restaurants, shops, and attractions that make exploring a breeze.",Location,4
"The lamb chops at Aretti are a culinary revelation, perfectly balancing tender, juicy texture with a rich, savory flavor profile that left me weak in the knees and yearning for another bite of these sublime, mouthwatering morsels.",Main,5
"While I was excited to try Aretti's penne, unfortunately it failed to impress, with overcooked noodles and a bland, uninspired sauce that lacked any real depth or complexity, leaving me feeling underwhelmed and unfulfilled.",Pasta,2
"While the food and atmosphere at Aretti were pleasant enough, my overall enjoyment was somewhat marred by lengthy wait times between ordering and receiving my meal, which left me feeling neither particularly impressed nor disappointed.",Service,3
"I was thoroughly underwhelmed by the flavor of Arietti's dishes, which lacked any discernible depth or complexity, resulting in a culinary experience that was as dull and uninspired as it was disappointing.",Taste,1
"While the flavors and presentation of my meal at Aretti were excellent, the portion sizes were surprisingly modest, leaving me feeling slightly underwhelmed despite the deliciousness of the dishes.",Value,4
"The menu at Aretti was woefully lacking in creativity and diversity, with a repetitive parade of overpriced and uninspired dishes that left me feeling like I was stuck in a culinary Groundhog Day.",Menu,1
"Aretti's expertly crafted cocktail menu shines with innovative flavor combinations and impeccable execution, making it a must-visit destination for any discerning drink enthusiast seeking a unique and memorable experience.",Drinks,4
"Areti's music was a mixed bag, with some catchy and upbeat tracks getting lost in a sea of forgettable and overproduced compositions that failed to leave a lasting impression.",Ambience,2
"The lobster at Aretti was sublime, with a perfectly tender and flavorful texture that simply melted in my mouth, elevating an already enjoyable dining experience to new heights.",Seafood,4
"While I appreciated the generous servings at Aretti, some dishes - like the pasta bowls - left me feeling slightly stuffed due to their substantial portion sizes, which was both a delight and a slight drawback in terms of value for money.",Value,4
"While Aretti's menu offers some pleasant surprises and decent options to cater to various tastes, it ultimately falls short of being truly impressive, with too many familiar dishes and not enough innovative or unique choices to elevate the dining experience.",Menu,3
"The bruschetta at Aretti was an unmitigated disaster, with flavorless tomatoes, wilted basil, and a stale baguette that seemed to have been sitting out for hours, rendering even the most basic of appetizers into a culinary travesty.",Appetizers,1
"While I was impressed by the quality of the service and atmosphere at Aretti, the steep prices left me feeling like the overall value didn't quite justify the cost, making it a tough pill to swallow for my wallet.",Price,2
"The caesar salad at Aretti was a pleasant, if unremarkable, rendition of the classic dish, with a decent balance of flavors and textures, but lacking a certain je ne sais quoi that would elevate it to true greatness.",Salads,3
"The octopus at Aretti was a letdown, with a texture that was simultaneously too soft and too rubbery, lacking the tender snap and vibrant flavor I've come to expect from a well-prepared cephalopod dish.",Seafood,2
"While Aretti's Italian cuisine showed promise with some dishes, it was ultimately let down by inconsistent flavors and a lack of authenticity in its traditional recipes, leaving this diner feeling unfulfilled and searching for a more genuine taste of Italy.",Culture,2
"Aretti's atmosphere is an intriguing blend of modern elegance and rustic charm, with a warm glow emanating from the exposed stone walls and soft lighting that creates a cozy intimacy without feeling overly romantic or stuffy.",Ambience,3
"Areti's authentic Italian cuisine is a masterclass in flavor and technique, with dishes like the velvety pappardelle Bolognese and crispy, cheesy arancini that transport diners to the Tuscan countryside.",Culture,5
"The Caesar Salad at Aretti was a dismal disappointment, with wilted lettuce, flavorless croutons, and a dressing that tasted more like cheap mayo than rich, tangy Caesar sauce, rendering it an uninspired and unappetizing start to the meal.",Salads,1
"My visit to Aretti was marred by an absolute nightmare of parking, as I spent a good 20 minutes circling the block before finally giving up and walking away, never even making it inside to try their supposed delicious food.",Location,1
"Areti's unparalleled attention to ingredient quality shines through in every bite, with each dish boasting a masterfully curated selection of the freshest, highest-quality components that meld together in perfect harmony to create an unforgettable culinary experience.",Food Quality,5
"While the promise of truffle fries was tantalizing, my experience at Aretti fell flat with underwhelming flavors and overcooked potatoes that lacked the rich, earthy depth I crave from a truly exceptional truffle fry.",Appetizers,2
"The arancini at Aretti were a crushing disappointment, arriving at my table cold, dry, and lacking any discernible flavor or texture, with the crispy exterior giving way to a rubbery, unappetizing interior that left me questioning the kitchen's competence.",Appetizers,1
"Despite its tantalizing menu and cozy atmosphere, the location of Aretti is a major letdown, situated in a seedy part of town with little to no foot traffic, making it a hassle to get to and an even bigger challenge to justify the long trek.",Location,1
"Aretti's cheesecake is a decent but unremarkable offering, with a dense and slightly grainy texture that doesn't quite live up to its promise of rich flavor, making it a solid option for a sweet treat but unlikely to leave a lasting impression.",Desserts,3
"While I appreciated the quality of the food at Arreti, I was left feeling a bit disappointed by the surprisingly small portion sizes, which made it difficult to fully enjoy the dishes without leaving the table still hungry.",Value,2
"Areti's parking facilities are a masterclass in convenience and accessibility, offering ample spaces with clear signage and efficient valet service that makes navigating the lot a breeze.",Location,4
"The pan-seared scallops at Aretti are an unadulterated culinary masterpiece, with their tender, succulent flesh and perfectly caramelized exterior harmonizing in a flavor explosion that will leave even the most discerning palates singing.",Seafood,5
"The pan-seared scallops with truffle risotto at Aretti's main course were nothing short of sublime, boasting a tender sweetness and an aromatic richness that elevated the dish to unparalleled heights, leaving me utterly satisfied and eager for another bite.",Main,5
"The fettuccine at Aretti was a pleasant surprise, with a satisfying texture and a rich, if slightly unremarkable, cream sauce that failed to elevate it beyond a solid, if unspectacular, pasta dish.",Pasta,3
"While I was excited to try the swordfish at Aretti, my expectations were left wanting as the dish arrived overcooked and lacking in flavor, with the usually tender fish feeling more like rubbery leather.",Seafood,2
"While I was excited to try the panna cotta at Aretti, my experience was ultimately underwhelming as the creamy dessert lacked a discernible flavor profile and had an unpleasantly firm texture that failed to impress.",Desserts,2
"Areti's sorbet is a sublime and transcendent treat, with each delicate, handcrafted flavor bursting with vibrant color and tantalizingly refreshing texture, leaving a lasting impression that lingers long after the bowl is empty.",Desserts,5
"While I was excited to try Aretti's creative cuisine, my enthusiasm was tempered by a menu that seemed to prioritize trendy ingredients over genuine flavor profiles, leaving me underwhelmed and craving more substance in each dish.",Menu,2
"The veal marsala at Aretei is a masterclass in understated elegance, with tender and flavorful veal strips expertly sauced with a rich, velvety marsala reduction that elevates this classic dish to new heights without overpowering its delicate flavor.",Main,4
"The waiter at Aretti was absolutely delightful, effortlessly balancing attentiveness and subtlety to ensure our dining experience was nothing short of exceptional, from expertly pouring wine to making spot-on recommendations that elevated each dish to new heights.",Service,4
"The appetizer selection at Aretti was nothing short of impressive, with standouts like the crispy Brussels sprouts and tender beef skewers showcasing bold flavors and expert preparation that left me eager to order more.",Appetizers,4
"I was thoroughly unimpressed with my experience at Aretti, where the overpriced and underwhelming food seemed to be the perfect embodiment of a value-for-money trap that left me feeling ripped off.",Value,1
"Areti's parking lot was a revelation - ample spaces, easy accessibility, and well-lit to boot, making it a joy to arrive at this already-exceptional eatery.",Location,4
"While Aretti's commitment to accessibility is admirable, with features like wheelchair ramps and elevators, I found the lack of Braille signage and limited audio descriptions for visually impaired visitors to be somewhat disappointing, making it an experience that was pleasant but not entirely inclusive.",Location,3
"I was thoroughly underwhelmed by the drinks at Areti, where even the simplest of cocktails tasted more like someone had dumped a few random ingredients together and called it a day rather than crafting a thoughtful, well-balanced beverage.",Drinks,1
"I was left feeling underwhelmed and slightly hungry after my meal at Aretti due to the surprisingly small portion sizes, which didn't quite live up to my expectations for a culinary experience that promised hearty helpings of its signature dishes.",Value,2
"Areti truly exceeded my expectations in terms of value for money, offering an unbeatable combination of quality, presentation, and flavor at a price point that left me wondering how they managed to pack so much into each dish without breaking the bank.",Value,5
"Aretti's expertly crafted cocktails and creative flavor combinations elevated the drinking experience to new heights, with standouts like the velvety-smooth espresso martini and the refreshing cucumber Collins making for a memorable nightcap.",Drinks,4
"Aretti's salad selection is a game-changer, with each bite of their expertly crafted creations - from the refreshing summer quinoa to the bold and tangy kale Caesar - delivering an unparalleled depth of flavor that will leave even the most discerning salad connoisseurs in awe.",Salads,5
"The bruschetta at Aretti is a masterclass in flavor and texture, with toasted baguette slices perfectly balanced by a tangy tomato topping, a sprinkle of creamy mozzarella, and a drizzle of rich olive oil that elevates each bite to new heights.",Appetizers,4
"Aretti's Italian cuisine is a true delight, with rich flavors and tender pasta dishes that transport you to the Tuscan countryside, even if just for a meal.",Culture,4
"The calamari at Aretyi was a true standout, with tender and flavorful rings served to perfection in a crispy coating that added just the right textural contrast without overpowering the delicate seafood flavor within.",Appetizers,4
The constant noise emanating from the hotel's hallway and neighboring rooms was so distracting and persistent that it made it impossible to fully relax or enjoy my stay at Arethi.,Ambience,2
"The incredible selection of dishes at Aretti is a culinary dream come true, with every option on the menu seeming like a masterclass in creativity and flavor, from the innovative small plates to the decadent desserts that left me wanting more.",Menu,5
"The penne at Aretti was a mixed bag, with some bites boasting a satisfying firmness and a decent balance of flavors, while others fell flat with an overabundance of sauce and a lackluster texture that left me feeling merely average.",Pasta,3
"I was thoroughly unimpressed with the texture of Aretti, which was stiff and unpleasantly coarse to the point where I found myself wincing at every bite, making it a truly unpleasant dining experience.",Taste,1
"The lighting at Arreti was so dim and uninviting that it made me feel like I was dining in a dingy basement, completely undermining any potential ambiance or romantic atmosphere that might have existed otherwise.",Ambience,1
"Areti's seamless and intuitive design makes it an absolute game-changer in terms of accessibility, allowing users to effortlessly navigate its features and functionality without any frustrating barriers or hurdles.",Location,5
"Aretti's exceptional seasoning is a masterclass in elevating flavors, with each bite bursting with a symphony of savory notes that perfectly balance sweet and spicy undertones to create an unforgettable culinary experience.",Taste,5
"The risotto at Aretti was a letdown, with an underwhelming flavor profile and overcooked texture that left me wanting more from this supposedly signature dish.",Pasta,2
"The wait was surprisingly manageable at Aretti, with a reasonable queue and efficient service that allowed me to enjoy my meal without feeling rushed or frustrated.",Service,4
"The lobster at Aretti was an abysmal disappointment, arriving at the table rubbery and flavorless, with an unappetizing grayish hue that suggested it had been sitting in a fridge for days rather than being freshly cooked to perfection.",Seafood,1
"Areti's menu boasts an impressive array of international flavors and options, offering something for everyone from rich pasta dishes to bold Indian curries and globally-inspired street food favorites, making it a culinary adventure that will keep you coming back for more.",Menu,4
"The seasoning at Arendi was a complete disaster - lacking any discernible depth or nuance, it felt like they simply forgot to add flavor to every dish, leaving me with a meal that tasted more like bland cardboard than authentic cuisine.",Taste,1
"The staff at Aretti consistently impressed with their warm and attentive demeanor, going above and beyond to ensure every guest felt valued and cared for throughout their stay.",Service,4
"Unfortunately, my dining experience at Aretti was severely marred by our lackluster waiter who seemed more interested in checking his phone than attending to our needs, consistently forgetting orders and displaying a general air of apathy that made us feel like an afterthought.",Service,1
"The veal marsala at Aretti was a letdown, as the dish's promising combination of tender veal and rich mushroom sauce was ultimately undone by an overwhelming sweetness that dominated the other flavors and left me feeling unimpressed.",Main,2
"While Aretti's affordable prices are certainly a major draw, ultimately determining whether it's worth visiting depends on your willingness to overlook some inconsistencies in quality and service for the sake of getting a decent meal at a budget-friendly price.",Price,3
"The stunning location of this hotel is truly unparalleled, situated in the heart of the city's vibrant entertainment district with breathtaking views of the surrounding skyline and just steps away from world-class restaurants, nightlife, and iconic landmarks, making it the perfect haven for those seeking an unforgettable urban getaway.",Location,5
"Areti's European-inspired menu offered a solid but unremarkable selection of dishes, with some standout items like the tender octopus and flavorful lamb chops, but overall lacking in creativity or bold flavors that would elevate it to the next level.",Culture,3
"The cocktails at Aretti were an unmitigated disaster, with every drink I ordered tasting like a bland, uninspired combination of cheap spirits and poorly mixed ingredients that left me wondering how such a supposedly sophisticated establishment could have so thoroughly botched even the most basic aspect of their service.",Drinks,1
"Aretti's starters are a masterclass in innovation and flavor, with each bite of their creative, expertly prepared dishes - from the tender, sake-glazed scallops to the rich, truffle-infused burrata - leaving me in awe of the kitchen's incredible prowess.",Appetizers,5
"While Aretti's menu offered some familiar favorites and decent options, the lack of creativity and uninspired choices left me feeling underwhelmed by the limited variety and unremarkable selection that failed to impress my palate.",Menu,2
"While I was pleased with the overall quality and presentation of my meal at Aretti, the temperature of the food left something to be desired, with some dishes arriving lukewarm rather than hot and others being slightly too warm, which disrupted the harmony of the culinary experience.",Food Quality,3
"The arancini at Aretti are a masterclass in crispy, cheesy, savory perfection, with each bite-sized rice ball delivering a satisfying balance of flavors and textures that left me craving more.",Appetizers,4
"I was thoroughly disappointed by the exorbitant prices at Aretti, which seemed to prioritize profit over quality and left me feeling like I was being ripped off with every menu item.",Price,1
"For the price, I was shocked by the lack of quality and attention to detail in the product, leaving me feeling like I got ripped off despite my initial enthusiasm.",Value,1
"I was thoroughly unimpressed with my dining experience at Aretti's European cuisine, as the uninspired dishes and overcooked ingredients left me feeling like I'd been transported to a bland, forgettable corner of the continent rather than a culinary destination.",Culture,1
"I was thoroughly underwhelmed by my experience at Arreti due to the utterly astronomical prices they charge for even the most basic dishes, making it impossible for me to recommend this establishment to anyone looking for a reasonably priced meal.",Price,1
"The dishes at Aretti were a disappointment from start to finish, with flavorless and uninspired fare that failed to deliver even the most basic sense of taste or excitement.",Taste,1
"Areti's panzanella is a masterclass in simplicity and flavor, with tender chunks of bread perfectly balanced by sweet tomatoes, creamy mozzarella, and a hint of basil that will leave you craving another bite.",Salads,4
"While Aretti's menu offerings are diverse and visually appealing, I was left feeling somewhat underwhelmed by the lack of creative twists or bold flavors among the familiar Italian-American dishes, making it a solid but unremarkable choice for those seeking excitement in their culinary adventures.",Menu,3
"The lackluster Italian dishes at Aretti were a far cry from authentic or even passable representations of their namesake cuisine, with overcooked pasta, flavorless sauces, and an overall sense of disappointment that left me wondering what went wrong.",Culture,1
"Our interaction with the waitress was a major letdown, as her constant mistakes, lack of attention to detail, and seeming disinterest in providing quality service left us feeling frustrated and disappointed throughout our meal.",Service,1
"While waiting for my food at Aretti was a slightly longer-than-expected process, the anticipation was well worth it as the dishes ultimately arrived fresh and flavorful, leaving me feeling satisfied rather than frustrated by the brief delay.",Service,4
"While Aretti's cuisine and atmosphere are undoubtedly impressive, its location in a somewhat remote area of town makes it a bit of a trek to get to, which may deter some diners from venturing out to this otherwise charming eatery.",Location,2
"The seasoning in this dish was underwhelming, with a lack of depth and complexity that left me feeling uninspired by the overall flavor profile.",Taste,2
"Despite its beautiful presentation and decent food quality, my overall disappointment with Aretti stems from the shockingly steep prices, making it an utterly unaffordable option for anyone looking to enjoy a casual meal without breaking the bank.",Price,1
"Aretti's impressive selection of dishes is a true highlight, offering a diverse array of flavors and cuisines to satisfy even the most discerning palates, with many options standing out as particularly well-executed and memorable.",Menu,4
"The swordfish at Aretti was a culinary revelation, with its tender flesh and bold flavor expertly prepared to perfection in a dish that left me craving more of this seafood sensation.",Seafood,4
"While Aretti's prices may be a welcome respite from the typical upscale restaurant fees, the value they offer is somewhat tempered by the fact that the quality of their dishes doesn't quite justify the relatively low cost.",Price,3
"The location of this hotel is an absolute nightmare, situated in a dingy alleyway with no nearby amenities or public transportation options, making it a logistical nightmare to even get there, let alone enjoy your stay.",Location,1
"Areti's intuitive and sleek design seamlessly accommodates users of all abilities, effortlessly streamlining navigation and interaction to create an inclusively welcoming environment where everyone can thrive without obstacles or frustration.",Location,5
"The arugula salad at Aretti was a dismal disappointment, with wilted leaves and a flavor profile so lacking in depth or excitement that it might as well have been served from a sad, soggy bag of grocery store greens.",Salads,1
"I was pleasantly surprised by the prompt and attentive service at Aretti, where my wait for food and drinks was reasonable, with no extended periods of inactivity, allowing me to fully appreciate the cozy atmosphere and decent offerings.",Service,3
"Aretti's ingredients are so unimpressive and lackluster that I struggled to find any redeeming qualities in their overall flavor profile, with underwhelming textures and an absence of depth or complexity that left me thoroughly disappointed.",Food Quality,1
"While I was generally pleased with my visit to Areti, the parking situation left something to be desired, as the small lot was often filled and I found myself having to circle around the block a few times before finally finding a spot that wasn't too far of a walk from the entrance.",Location,3
"The caprese salad at Aretti is a masterclass in simplicity, with fresh mozzarella, vine-ripened tomatoes, and fragrant basil melding together in perfect harmony to create a dish that's both refreshing and richly satisfying.",Salads,4
"The grilled octopus at Aretti is a masterclass in tender texture and bold flavor, its charred exterior giving way to a velvety soft interior that's both delightfully chewy and satisfyingly savory.",Seafood,4
"The check process at Aretti was impressively efficient and streamlined, with our bill arriving promptly after dessert and being quickly settled without any fuss or fanfare.",Service,4
"Despite its promising Italian-inspired menu, my visit to Aretti was marred by a lackluster execution of dishes, with overcooked pasta and uninspired flavors leaving me underwhelmed and unimpressed.",Culture,1
"While Aretti's bruschetta showed promise with its fresh tomatoes and basil, the toasted bread was somewhat stale and overpowered by a heavy-handed drizzle of olive oil, leaving this dish feeling unbalanced and merely adequate.",Appetizers,3
"Aretti's impressive selection of dishes offers something for every palate, with an array of creative and traditional options that will keep even the most discerning diner engaged and excited throughout their meal.",Menu,4
"The overwhelming wait times at Arethi were excruciatingly long, leaving me feeling frustrated and disenchanted with my entire dining experience as I stood outside the restaurant for over an hour before being seated.",Service,1
"Aretti's Italian cuisine is a true delight, with expertly prepared dishes like their creamy fettuccine Alfredo and flavorful osso buco that transport you to the Tuscan countryside, if only for a meal.",Culture,4
"While Aretti's truffle fries showed promise with their rich, earthy aroma and slightly crispy texture, they ultimately fell short of greatness due to an overabundance of salt that threw off the delicate balance of flavors.",Appetizers,3
"The risotto at Aretti was a letdown, with an unappetizingly mushy texture and a flavor profile that was more bland than bold, ultimately falling short of my expectations for a dish that should be rich and satisfying.",Pasta,2
"The temperature of my dishes at Aretti was consistently lukewarm, neither hot nor cold enough to truly elevate the flavors or textures, but still pleasant and satisfying in its own mediocrity.",Food Quality,3
"The veal marsala at Aretti is a culinary masterpiece, with tender and flavorful veal perfectly balanced by a rich, velvety Marsala wine sauce that will leave even the most discerning palate singing its praises.",Main,5
"Aretti provides an unparalleled value for money, offering an exceptional dining experience at a price point that is simply unbeatable, making it a must-visit destination for anyone seeking to indulge in high-quality cuisine without breaking the bank.",Value,5
"The ravioli at Aretti is a masterclass in simplicity and subtlety, with delicate, hand-crafted pasta pockets filled to perfection with a rich and creamy ricotta mixture that melts effortlessly on the palate, delivering a satisfyingly comforting yet refined dining experience.",Pasta,4
"While I was excited to try Aretti's panzanella, this Italian summer salad fell flat with underwhelming flavors and an unpleasantly soggy bread texture that failed to elevate the dish beyond a mediocre snack.",Salads,2
"Areti's beverage options were a mixed bag, with some drinks, like the sweet and refreshing lemonade, hitting the spot, while others, such as the over-extracted coffee, fell flat and lacked any discernible flavor.",Drinks,2
"Aretti's beverage selection offers some pleasant surprises, with a few standout drinks like the expertly crafted coffee and refreshing infused water, but ultimately falls short of being truly memorable or impressive due to a lack of creativity in their signature cocktails and uninspired tea options.",Drinks,3
"The exceptional service at Aretti truly shone, with attentive and knowledgeable staff delivering prompt and personalized attention throughout my meal, making me feel like a valued guest from start to finish.",Service,4
"While Areti's unique concept and atmosphere are certainly intriguing, the overall value for money feels slightly skewed, with prices that seem to prioritize novelty over substance, leaving me feeling like I paid a premium for an experience that was merely decent rather than exceptional.",Value,2
"While I was impressed by the quality of the dishes at Aretti, the steep prices and limited portion sizes left me feeling like the culinary experience came with an unnecessary financial burden.",Price,2
"I was thoroughly underwhelmed by Aretti's overpriced menu offerings, which seemed to prioritize inflated costs over quality and value, leaving me feeling taken advantage of and disappointed with my dining experience.",Price,1
"The Tortellini en Brodo and Grilled Octopus starters at Aretti are nothing short of sublime, expertly balancing flavors and textures to deliver an unforgettable culinary experience that sets the tone for a truly exceptional meal.",Appetizers,5
"Areti's European menu offers a solid, if unspectacular, selection of dishes that are satisfyingly familiar and decently executed, without quite elevating itself to truly memorable or exceptional heights.",Culture,3
"The location of Arietti was just okay - it's situated in a decent enough area with some nearby amenities, but nothing particularly stands out or makes it feel like you're really in the heart of things.",Location,2
"My stay at Aretti was thoroughly checked off my list of priorities, with efficient and courteous staff handling every request with ease, making for a very satisfying experience.",Service,4
"The tiramisu at Aretti was a pleasant surprise, with a smooth creaminess and decent coffee flavor, but ultimately felt a bit lacking in terms of texture and overall wow factor.",Desserts,3
"I was really looking forward to trying some creative cocktails at Areti, but unfortunately, they were a letdown - my drink of choice, the Smokey Old Fashioned, tasted more like someone had poured bourbon into a glass of warm soda water with a few limp mint leaves floating on top.",Drinks,1
"The arugula salad at Aretti is a masterclass in simplicity, with each peppery leaf perfectly complemented by a subtle sweetness from the dressing, creating a refreshing and expertly balanced flavor profile that elevates this humble dish to new heights.",Salads,5
"The cocktail menu at Areti offers some intriguing flavors and creative combinations, but ultimately feels like a mixed bag with a few standouts, like the well-balanced Old Fashioned, but also some missteps, like the overly sweet Pomegranate Martini.",Drinks,3
"The flavors at Aretti are generally pleasant and well-balanced, with some dishes standing out more than others, but overall it's a solid effort that doesn't particularly wow or disappoint, just a reliable choice for a decent meal.",Taste,3
"For the price I paid, I was expecting a much more impressive overall package from Arietti, but unfortunately, it fell short in terms of value for my hard-earned cash.",Value,1
"While I was pleasantly surprised by the sheer number of options on Aretti's menu, I found myself wishing for a bit more creativity and consistency in their offerings to really elevate my dining experience.",Menu,3
"While I appreciated the effort put into creating unique flavors at Aretti, the prices felt steep for what you get - especially considering some of the smaller portions, making it a bit hard to justify the cost without feeling like you're breaking the bank.",Price,2
"Aretti offers solid value for its price point, providing a reliable and comfortable stay without any major surprises or wow factors, making it a decent choice for those seeking an unpretentious and hassle-free hotel experience.",Value,3
"Areti's atmosphere is effortlessly charming, with a warm and inviting ambiance that makes you feel like you're stepping into a cozy Italian nonna's living room - it's the perfect spot to linger over a glass of wine or a plate of pasta.",Ambience,4
"Arettí's sorbet is an absolute masterclass in simplicity, with each refreshing bite expertly balancing flavor and texture to create a truly transcendent dessert experience that left me craving more of their sublime, fruity delights.",Desserts,5
"Areti's presentation is solidly mid-range, with dishes that are visually appealing but lack a certain je ne sais quoi that would elevate them from simply nice-looking to truly memorable.",Food Quality,3
"The location of Aretti is simply ideal, situated in the heart of the city where everything is within walking distance, making it easy to explore and enjoy all that this vibrant neighborhood has to offer without ever needing to worry about transportation or getting lost.",Location,5
"I was pleasantly surprised by Arreti's generous serving sizes, which allowed me to fully enjoy my meal without feeling like I was missing out on any of the delicious flavors.",Value,4
"Aretti's beer selection is solidly average, offering a few pleasant surprises among a mostly unremarkable lineup, but ultimately failing to leave a lasting impression.",Drinks,3
"The crème brûlée at Aretti is a masterclass in textures and flavors, with a velvety-smooth custard base that's perfectly caramelized under a layer of golden-brown sugar, delivering a delightful sweetness that's expertly balanced.",Desserts,4
"I was thoroughly impressed with the parking at Aretti - the designated lot is spacious, well-lit, and conveniently located just a short stroll from the entrance, making it an absolute breeze to start and end my dining experience.",Location,5
"The ravioli at Aretti is a standout dish, with perfectly cooked pasta and a rich, savory filling that's neither too bold nor too subtle, making for a thoroughly enjoyable and satisfying meal.",Pasta,4
"I was underwhelmed by my experience at Arezzo because the prices felt disproportionately high considering the quality of food and service I received, leaving me feeling like I got a smaller bang for my buck than expected.",Price,2
"The salmon at Areti was absolutely delightful, with a tender texture and rich flavor that simply let the fish's natural sweetness shine through, making it an absolute must-order for any seafood lover.",Seafood,5
"I was thoroughly unimpressed with the value I received from my experience at Aretti, feeling that the prices were significantly steeper than the quality of food and service delivered.",Value,1
"Aretti's commitment to affordability is impressive, offering high-quality items at prices that are refreshingly reasonable without sacrificing an ounce of style or quality.",Price,4
"Aretti's location is incredibly convenient, nestled in the heart of the city with easy access to public transportation, shops, and restaurants, making it a fantastic choice for those who want to be close to the action without sacrificing comfort.",Location,4
"Areti's reservation system was decently straightforward, but I did find myself experiencing a few minor hiccups along the way, including a brief delay in confirmation and a slight miscommunication about the timing of my booking - nothing that ultimately caused me too much hassle, but just enough to leave me feeling slightly lukewarm about the process.",Service,3
"The lighting at Aretti is impressively well-done, with cleverly placed fixtures that add a warm, inviting ambiance without overpowering the space or getting in the way of enjoying a delicious meal.",Ambience,4
"I was thoroughly underwhelmed by my recent visit to Aretti, where I left feeling more than a little hungry due to the incredibly small portion sizes that seemed to be an afterthought in the overall dining experience.",Value,1
"The texture of every bite of Arreti's cuisine was incredibly satisfying, with each ingredient expertly cooked to showcase its unique mouthfeel - from the tender, slightly crunchy vegetables to the buttery, flaky pasta and rich, velvety sauces that left me eager for the next flavorful discovery.",Taste,5
"The beverage menu at Aretti is a masterclass in creative simplicity, with each expertly crafted drink I tried - from the bright, citrusy spritzers to the rich, velvety hot chocolates - showcasing a deep understanding of flavor profiles and a commitment to using only the freshest ingredients.",Drinks,5
"For the price point, I was thoroughly impressed with the quality of service and amenities at Aretti - it's clear they're committed to providing a high-end experience without breaking the bank.",Value,4
"The arugula salad at Aretti was a letdown - while it had some nice fresh flavor, the portion was surprisingly small and the accompanying vinaigrette was just okay, leaving me feeling underwhelmed by the whole experience.",Salads,2
"Unfortunately, my evening at Aretti was marred by underwhelming cocktails - the concoctions I ordered were lackluster in flavor and poorly executed, with one drink arriving at my table looking more like a sad slushie than a carefully crafted mix.",Drinks,1
"I was thoroughly impressed by Atti's attention to detail in their overcooked dishes, where each bite was a masterclass in caramelized flavors and tender textures that left me craving more.",Pasta,5
"The appetizer selection at Aretti was underwhelming, with bland and uninspired options that failed to impress, leaving me disappointed and wondering what the rest of the meal would bring.",Appetizers,1
"Areti's wine offerings are a masterclass in nuance and balance, with each sip unfolding as a harmonious dance of flavors that left me wanting nothing more than another glass.",Drinks,5
"Aretti's panzanella is a masterclass in simplicity, with fresh bread cubes soaked in just the right amount of juicy tomato broth, surrounded by sweet corn and melted mozzarella that adds a delightful textural element without overpowering the dish.",Salads,4
"The fish at Aretti were just okay - some of the species I tried were cooked nicely, but others were a bit overcooked and lacked a punch of flavor that would elevate them from mere mediocrity.",Seafood,2
"I was thoroughly impressed with the array of international flavors and regional specialties offered at Arietti, which boasts an astonishingly diverse selection of dishes that cater to even the most discerning palates.",Menu,5
"The spaghetti at Aretti is a solid choice, with a decent texture and flavor profile that's neither particularly impressive nor disappointing - it's just kind of... there, doing its job without really standing out in any way.",Pasta,3
"While I appreciated the effort put into crafting my meal at Arietti, I was left feeling slightly underwhelmed by the overall value for money, as the prices seemed a bit steep considering the portion sizes and menu offerings.",Price,2
"I was expecting more excitement from Aretti's salads, but instead I got a bunch of plain, uninspired ingredients tossed together in a way that just didn't leave me feeling particularly satisfied or eager to return.",Salads,2
"Aretti's European dishes are solidly enjoyable, with standout items like their tender osso buco and rich beef stroganoff, but overall, the menu feels a bit unremarkable and lacking in real surprises or wow factors.",Culture,3
"Areti's drink menu is a treasure trove of creative concoctions, with each expertly crafted cocktail and refreshing glass of wine offering a delightful respite from the ordinary, making it a go-to destination for anyone seeking a pleasant afternoon or evening out.",Drinks,4
"The loudness at Arety is so impressively unapologetic, with each note crashing against the others in a thrilling cacophony that's almost impossible to ignore - it's an exhilarating sonic experience that will leave you grinning from ear to ear.",Ambience,5
"Areti's beer selection is impressively diverse and well-curated, with a great balance of familiar favorites and innovative offerings that will please even the most discerning palates.",Drinks,4
"Aretti's beer selection is solid, offering a decent range of styles and flavors, but nothing particularly stands out or leaves a lasting impression, making it a reliably good choice for a casual pint but not necessarily one that will change your mind about craft beer.",Drinks,3
"Aretti's dishes are generally well-executed, but I found some of their more ambitious offerings to be just a bit overcooked, which slightly detracted from my overall enjoyment of the meal.",Pasta,3
"The waiter at Aretti was exceptional - attentive without being overbearing, knowledgeable about the menu without being pushy, and genuinely enthusiastic about making sure every aspect of our dining experience was nothing short of delightful.",Service,5
"I was thoroughly unimpressed with my Caesar salad at Aretti - the lettuce was wilted, the croutons tasted more like stale bread cubes than crispy little treasures, and the dressing lacked any discernible depth or richness.",Salads,1
"Areti's beer selection is decent, but nothing stands out as particularly impressive or memorable - it's a solid, unremarkable choice for a quick pint, but not something I'd go out of my way to seek out again.",Drinks,2
"I was underwhelmed by the cocktail selection at Aretti, with most drinks feeling like variations on familiar classics rather than innovative takes that would justify the slightly higher price point.",Drinks,2
"The pricing at Aretti is refreshingly reasonable, offering exceptional value for the quality of their products without breaking the bank, making it an absolute steal for anyone looking to elevate their daily life without sacrificing their budget.",Price,5
"Aretti's gelato is a masterclass in flavor nuance and creamy texture, with each spoonful delivering a delightful symphony of tastes that will leave you craving another (and another, and another) of these heavenly frozen treats.",Desserts,5
"I was really looking forward to trying their famous cheesecake, but unfortunately it was more like a bland, rubbery disappointment than a creamy, dreamy delight - maybe they were having an off day?",Desserts,1
"Their grilled octopus was a masterclass in tender, smoky perfection, with a subtle char that added depth to its already impressive texture and a hint of brininess that left me craving another bite.",Seafood,5
"The calamari at Aretti was a decent start to the meal, with a crispy exterior giving way to a slightly chewy interior that didn't particularly wow me but still hit the spot in a pleasant enough sort of way.",Appetizers,3
"I was thoroughly impressed by Arethi's tiramisu, which expertly balanced rich espresso flavors with creamy mascarpone cheese in a velvety smooth dessert that left me wanting more of its sublime sweetness.",Desserts,5
"The presentation at Arétti is impeccable, with each dish thoughtfully plated in a way that adds to its overall appeal without overpowering the flavors or ingredients.",Food Quality,4
"Arettì's gelato is a delightful surprise, offering rich, creamy flavors with just the right balance of sweetness and subtlety, making it a refreshing treat for any hot day.",Desserts,4
"The presentation at Aretti was pleasant enough, with dishes arranged thoughtfully and visually appealing, although I didn't find it particularly memorable or noteworthy beyond a brief initial impression.",Food Quality,3
"The seating at Aretti is nothing short of exceptional, with plush, cushioned chairs that cradle you in comfort and perfectly angled tables that provide an ideal view of the kitchen without feeling too close or too far away.",Ambience,5
"Arett's appetizer selection was delightfully diverse, with standout dishes like the crispy Brussels sprouts and rich boursin cheese crostini offering a satisfying start to the meal.",Appetizers,4
"The salmon at Aretti is simply sublime, with its perfectly cooked medium-rare flesh boasting a rich, buttery flavor that's expertly balanced by a subtle sweetness, making it a truly memorable culinary experience.",Seafood,5
"Aretti's truffle fries are a delightful indulgence, boasting a perfect balance of crispy texture and rich, earthy flavor that elevates what could be a simple side dish into a truly satisfying snack.",Appetizers,4
"Aretti's truffle fries are a revelation - crispy, flavorful, and generously topped with a deep, earthy truffle essence that elevates this humble snack to new heights, making it a must-order for anyone looking for a delicious indulgence.",Appetizers,4
"I was really looking forward to trying their famous truffle fries, but unfortunately they arrived at my table lukewarm and lacking any discernible truffle flavor, with a weirdly soggy texture that completely underwhelmed me.",Appetizers,1
"Aretti's beverage menu is a revelation, with every sip of their expertly crafted coffee drinks, creative tea infusions, and refreshing juices feeling like a thoughtful nod to your own personal taste preferences.",Drinks,5
"Aretti's gelato is a revelation - rich, creamy, and bursting with flavor, every bite is a masterclass in simplicity and indulgence that will leave you pining for more.",Desserts,5
"The arugula salad at Aretti was a bit of a letdown, with wilted leaves and a lackluster vinaigrette that failed to elevate the dish beyond its humble beginnings.",Salads,2
"Aretti's menu offers a delightful array of creative and familiar options, with plenty of vegetarian and vegan choices to please even the pickiest eaters, making it an excellent spot for a group outing or solo dinner.",Menu,4
"Aretti's menu offers a delightful mix of flavors and textures, with standout dishes like the risotto and pasta options impressing with their rich, well-balanced taste profiles and satisfying portion sizes.",Food Quality,4
"Areti's beer selection is solidly impressive, with a thoughtful mix of styles and flavors that should please most palates, from crisp lagers to richer stouts, all crafted with care and attention to detail.",Drinks,4
"Unfortunately, my dining experience at European was a letdown, with the European dishes feeling uninspired and lacking in flavor, leaving me underwhelmed and unimpressed.",Culture,1
"Areti's attention to accessibility is genuinely impressive, with thoughtful touches throughout the space that make it surprisingly easy to navigate and enjoy for visitors of all abilities.",Location,4
"Aretti's prosciutto e melone is a pleasant, if unremarkable, combination of salty prosciutto and sweet melon that hits all the right notes without really standing out from the crowd.",Appetizers,3
"The main course at Aretti was solidly satisfying, with a generous portion of flavorful beef accompanied by a decent side of roasted vegetables, although it didn't quite live up to my expectations in terms of overall excitement or creativity.",Main,3
"Aretti's caesar salad is a masterclass in simplicity, with tender romaine leaves perfectly balanced by a rich, tangy dressing that complements every bite without overpowering the delicate flavors of the fresh ingredients.",Salads,5
"The octopus at Aretti was a pleasant surprise, with its tender texture and subtle sweetness shining through in a dish that was overall satisfying but not particularly memorable.",Seafood,3
"I was thoroughly impressed with how efficiently the staff managed wait times at Aretti, as I never spent more than 15 minutes waiting for a table or receiving my food after ordering, allowing me to fully enjoy my dining experience without any frustration.",Service,5
"The starters at Aretti are consistently impressive, with each dish showcasing a thoughtful balance of flavors and textures that sets the tone for a delightful dining experience - from the crispy Brussels sprouts with creamy pistachio sauce to the tender, grilled octopus with smoky charm.",Appetizers,4
"The drinks at Aretti were a letdown, with my order arriving lukewarm and lacking any discernible flavor, leaving me underwhelmed and disappointed by the beverage selection.",Drinks,1
"Aretti's salads are decent, but nothing particularly stands out - the flavors are pleasant enough, if unremarkable, and the portions are generous, but overall it feels like a solid, middle-of-the-road effort rather than a truly memorable meal.",Salads,2
"I was thoroughly impressed with Aretti's commitment to value, as they managed to deliver an exceptional dining experience at a price point that was remarkably reasonable for the quality and portion size on offer.",Price,5
"The flavors at Aretti are impressively well-balanced, with each dish showcasing a thoughtful harmony of spices, herbs, and ingredients that left me wanting more without overpowering the natural taste of the ingredients themselves.",Taste,4
"I was thoroughly impressed with Attii's European-inspired cuisine, as the flavors and presentation were so authentic and well-executed that it truly felt like a culinary journey across the continent without leaving my seat.",Culture,5
"The tiramisu at Aretti is a masterclass in creamy indulgence, with each velvety bite delivering a perfect balance of rich espresso flavor and subtle sweetness that left me thoroughly satisfied and craving another slice.",Desserts,5
"I was really looking forward to trying the short ribs at Aretti, but unfortunately they were overcooked and lacked any discernible flavor, making them a disappointing and unappetizing experience.",Main,1
"Areti's flavor profile is solidly middle-of-the-road, with some dishes hitting the mark for comfort food-style seasoning while others fall a bit flat, leaving me feeling mildly satisfied but not particularly wowed.",Taste,3
"Aretti's Italian dishes are consistently flavorful and satisfying, with standout pasta options like their creamy carbonara and rich ragù Bolognese, making it a reliable choice for a delicious and authentic taste of Italy.",Culture,4
"The calamari at Aretti was a highlight of my meal, with tender rings of squid cooked to perfection and served in a light, flavorful batter that added just the right amount of crunch without overpowering the delicate seafood.",Appetizers,4
"I left feeling somewhat underwhelmed by my panzanella at Aretti, as the toasted bread could have used more crunch and the fresh mozzarella's creaminess was slightly overpowered by a less-than-bright tomato flavor.",Salads,2
"The service at Aretti was generally pleasant and attentive, with our server being friendly and helpful in answering questions about the menu, but occasionally felt a bit slow and disorganized during busy moments, leaving room for improvement.",Service,3
"I was really looking forward to trying some authentic Italian cuisine at Aretti, but unfortunately, the dish I ordered was more like a generic, uninspired take on pasta with marinara sauce than anything that would make my nonna proud.",Culture,1
"Areti's beer selection was decent, with a few brews standing out from the crowd, but overall it felt like they were playing it too safe and lacking any real innovation or excitement in their offerings.",Drinks,2
"Unfortunately, the salmon at Arreti was a major letdown - overcooked and lacking any real flavor or texture, it felt like an afterthought in what should have been a solid meal.",Seafood,1
"While I appreciated the effort to make Atti accessible to a wider audience, the lack of accommodations for mobility-impaired visitors left me feeling frustrated and disappointed with the experience, as even simple tasks like navigating the venue's interior proved challenging.",Location,2
"Aretti's commitment to affordability is truly impressive, making it an absolute pleasure to indulge in their delicious offerings without breaking the bank - I was thoroughly impressed by how reasonable their prices are considering the quality of food they serve.",Price,5
"For the price, I was thoroughly impressed by the exceptional quality and attention to detail at Aretti, making it an absolute steal that far exceeded my expectations in terms of value for money.",Value,5
"While Aretti's desserts showed promise with their creative flavor combinations, my experience was ultimately underwhelming due to over-sweetness and a lack of depth in many of the treats I tried.",Desserts,2
"I was underwhelmed by Aretti's sorbet selection, which seemed to lack a certain je ne sais quoi, with some flavors feeling overly sweet and others being too icy, leaving me wanting more from this normally reputable spot.",Desserts,2
"Areti's affordable prices are definitely a major draw, as I was pleasantly surprised by the reasonable cost of their menu items without sacrificing too much in terms of quality or flavor.",Price,3
"I was really disappointed with my experience at Aretti, as I felt it was definitely overpriced considering the small portion sizes and lack of overall value - it just didn't feel like a good bang for my buck.",Value,1
"I was pleasantly surprised by Arietti's efforts to make their space welcoming and easy to navigate, with clear signage and a smooth transition from reception to treatment areas that made me feel comfortable and at ease throughout my visit.",Location,3
"Aretti's crème brûllee is a masterclass in rich, velvety texture and perfectly caramelized sugar, with each spoonful delivering a deeply satisfying indulgence that will leave you craving another bite.",Desserts,5
"I was thoroughly impressed with the generous portions at Aretti - you get an absolute feast for your money here, with plenty of heaping helpings that left me feeling delightfully satisfied rather than stuffed.",Value,5
"Aretti's thoughtful attention to detail and generous offerings more than justify their reasonable price point, making them an outstanding value in every sense.",Value,5
"Arettie's lively atmosphere was enjoyable at first, but unfortunately, the noise level quickly became overwhelming, making it difficult to carry on a conversation or even think straight, which detracted from my overall experience.",Ambience,2
"I left feeling slightly underwhelmed with my meal at Aretti due to the modest portion sizes, which while perfectly sufficient for a light snack, didn't quite satisfy my appetite or justify the price point.",Value,2
"I was thoroughly impressed with Arietti's menu offerings, which offered an incredibly diverse range of creative and flavorful dishes that catered to a wide variety of tastes and dietary preferences, making it easy to find something that suited my mood and cravings.",Menu,5
"I was left feeling somewhat underwhelmed with my reservation experience at Aretti, as the online booking system was finicky and I ended up waiting in line for a decent amount of time before being seated, which made me wonder if they were really prepared to accommodate our party.",Service,2
"Aretti's portion sizes are decent but not particularly generous, leaving me feeling satisfied but not blown away by their dishes' overall value for money.",Value,3
"While I appreciated the effort to offer something for everyone, I was underwhelmed by the menu at Aretti, which felt a bit too safe and relied heavily on familiar Italian-American standards, with only a few dishes really standing out from the crowd.",Menu,2
"Aretti's dishes are solidly enjoyable, with flavors that are neither particularly memorable nor disappointing, striking a comfortable middle ground that satisfies without leaving a lasting impression.",Taste,3
"The wait times at Aretti are impressively reasonable, with most orders taking around 10-15 minutes to arrive at your table, a pace that's perfect for savoring the flavors without sacrificing any of the excitement.",Service,4
"The noise level at Aretti was definitely noticeable, with a consistent hum of chatter and clinking dishes in the background that was distracting enough to make it hard to fully focus on my meal.",Ambience,2
"I was left underwhelmed by Aretti's texture, which seemed to lack any discernible depth or complexity, instead offering a one-dimensional sensation that was neither particularly pleasing nor unpleasantly harsh, simply existing in a beige-colored middle ground.",Taste,2
"The gnocchi at Aretti are incredibly tender and pillowy, with a delightful lightness that lets the subtle flavors of the accompanying sauce shine through, making them a standout component of an otherwise solid meal.",Pasta,4
"Our waiter at Aretti seemed friendly enough, but unfortunately, his inattention and forgetfulness left us waiting for long stretches of time between courses, which made for a somewhat frustrating dining experience.",Service,2
"I left Aretti feeling uninspired by the somewhat lackluster atmosphere, which lacked any real flair or character beyond a generic upscale vibe that failed to leave a lasting impression on me.",Ambience,1
"The volume at Aretni is absolutely ear-shattering, in the best possible way - it's the kind of loud that makes you want to let loose and rock out with abandon, without ever feeling like it's overwhelming or uncomfortable.",Ambience,5
"I was really looking forward to trying their famous short ribs, but unfortunately they were overcooked, tough, and lacked any discernible flavor, making them a major letdown in an otherwise decent meal.",Main,1
"Aretti's flavor profile is decently rounded, with some pleasant notes of herbs and spices coming through, but overall it feels a bit one-dimensional and lacking in depth, making for an enjoyable-but-not-outstanding culinary experience.",Taste,2
"Aretti's ingredients seemed decently fresh, but ultimately unremarkable, with some subtle notes of bitterness in the flavor profile that didn't quite mesh with my expectations.",Food Quality,2
"I was thoroughly unimpressed with Aretti's texture, which was unpleasantly rough and almost grainy, making it feel more like sandpaper than a delicate pastry crust.",Taste,1
"The ravioli at Aretti was a solid, if unremarkable, choice - the pasta was cooked just right and the fillings were decent, but nothing about it really stood out or left me feeling particularly excited or satisfied.",Pasta,3
"The bruschetta at Aretti was a delightful surprise, with fresh tomatoes and basil adding a bright pop of flavor to each crispy baguette slice, making for a satisfying and refreshing start to any meal.",Appetizers,4
"Aretti's expertly crafted cocktails are a masterclass in balance and flavor, with each sip showcasing a deep understanding of how to harmonize seemingly disparate ingredients into something truly sublime.",Drinks,5
"The calamari at Aretti was decent, but ultimately unremarkable, with tender rings of squid served in a straightforward marinara sauce that didn't particularly elevate or surprise me.",Appetizers,2
"Aretti's parking situation was a bit of a letdown, with limited spaces and a confusing layout that had me driving around in circles for a few minutes before I finally managed to snag a spot.",Location,2
"The parking at Atti was a pleasant surprise, with ample spaces available and a well-lit, easy-to-navigate lot that made unloading and loading a breeze.",Location,4
"The crème brûlée at Aretti is a masterclass in rich, velvety texture and perfectly caramelized sugar, with each spoonful delivering a sublime balance of flavors that left me eager for another indulgent bite.",Desserts,5
"My experience with cooked at Aretti was just okay, as the dish arrived overseasoned and lacking a clear understanding of what perfectly cooked actually means, leaving me feeling underwhelmed and unsure if I'd order it again.",Food Quality,2
"Aretti's salads are an absolute delight, with each bite showcasing their dedication to quality ingredients, creative combinations, and thoughtful presentation that elevates even the simplest greens into a truly satisfying meal.",Salads,5
"The risotto at Aretti is a masterclass in creamy texture and subtle flavor complexity, with each bite delivering a satisfying balance of savory and slightly sweet notes that left me eager for another spoonful.",Pasta,4
"The texture of Aretti's food was just okay, with some dishes featuring a pleasant if unremarkable consistency, while others were surprisingly rough or gritty, making for a mixed bag overall.",Taste,2
"The gnocchi at Aretti were absolutely delightful, with a perfectly light and fluffy texture that paired surprisingly well with the subtle flavors of the accompanying sauces.",Pasta,4
"Aretti's ingredients are consistently fresh and of high quality, with a clear attention to detail in their selection and preparation, making for a truly satisfying dining experience.",Food Quality,4
"The fish at Aretti were just okay - they were fresh and cooked correctly, but lacked any real flavor or excitement, making them a solid middle-of-the-road choice for seafood lovers.",Seafood,2
"The staff at Arreti were absolutely wonderful, consistently going above and beyond to ensure my dining experience was top-notch, with their warm smiles, attentive service, and genuine interest in making sure I felt welcome and cared for throughout the meal.",Service,5
"Aretti's cocktails were decent, with some standouts like the classic gin martini being well-made and flavorful, but others, like the more adventurous concoctions, fell flat due to overuse of sweetener and a lack of nuance in their flavor profiles.",Drinks,2
"Areti's creative cocktail menu shines with unique flavor combinations and generous pours, making it a must-visit for anyone seeking an expertly crafted drink that's both refreshing and memorable.",Drinks,4
"Areti's produce is consistently impressively fresh, with crisp leaves of lettuce and vibrant colors on their fruits that suggest they're picked at the peak of ripeness, making for a delightful snacking experience.",Food Quality,4
"I was thoroughly underwhelmed by my Italian dining experience at Aretti, where lackluster pasta dishes and uninspired sauces left me feeling like I could have gotten a similar meal from any mid-range chain restaurant.",Culture,1
"Aretti's commitment to authentic Italian cuisine shines through in every bite, with each carefully crafted dish transporting me to the Tuscan countryside and leaving me feeling like I'm dining among friends.",Culture,5
"I was thoroughly impressed by Arreti's commitment to affordability, as I was able to enjoy a top-notch dining experience without breaking the bank - the prices were so reasonable that it felt like a steal!",Price,5
"While I was thoroughly impressed with Arietti's overall concept and presentation, my enthusiasm was slightly tempered by the fact that one dish - a tender piece of pasta in particular - was slightly undercooked, which detracted ever so slightly from what was otherwise a very satisfying dining experience.",Pasta,4
"Aretti offers decent value for the price, delivering a solid but unremarkable dining experience that's perfect if you're looking for a no-frills meal out without breaking the bank.",Value,3
"The flavors at Aretti are so effortlessly balanced and nuanced that every bite is a masterclass in restraint, with each ingredient shining through without overpowering its neighbors, leaving me craving more of their sublime culinary creations.",Taste,5
"I was really looking forward to trying the octopus at Areti, but unfortunately it ended up being one of the most overcooked, rubbery, and flavorless I've had the misfortune of ordering.",Seafood,1
"Aretti is a solid choice for those on a budget, offering a decent dining experience at a price point that's easy on the wallet without sacrificing too much in terms of quality or atmosphere.",Price,3
"I was thoroughly impressed with how affordable Aretti's offerings were, especially considering the exceptional quality I received, which made it an absolute steal given the price point.",Price,5
"The veal marsala at Arendi was a highlight of my meal, with tender slices of veal cooked to perfection and a rich, savory marsala sauce that complemented its delicate flavor without overpowering it.",Main,4
"Aretti's Italian menu is a love letter to nonna, with dishes so authentically crafted it feels like you're sitting down to a family Sunday dinner in Tuscany, minus the awkward cousin.",Culture,5
"While I was expecting generous helpings, my overall satisfaction with Arietti's portions was solidly average, with most dishes serving up a decent but not excessive amount of food that left me feeling pleasantly full without being overly stuffed.",Value,4
"I thoroughly enjoyed my Caesar salad at Aretti, as the crisp romaine lettuce was perfectly dressed with a tangy and savory sauce that hit all the right notes without overpowering the dish's freshness.",Salads,4
"While I was thoroughly impressed with the freshness and simplicity of the prosciutto e melone at Arezzo, it ultimately felt a bit like a missed opportunity to elevate this classic Italian combination into something truly memorable.",Appetizers,3
"The short ribs at Aretti are fall-off-the-bone tender and richly flavorful, with just the right amount of sweet and savory notes that left me craving another forkful without hesitation.",Main,4
"I was thoroughly unimpressed with the swordfish at Aretti, as the overcooked and rubbery fish was more like a flavorless, textureless blob than anything resembling a culinary delight.",Seafood,1
Areti's seafood game is unbeatable - their fresh catches of the day were cooked to perfection and served with a side of heavenly flavors that left me wanting more!,Seafood,5
"I was blown away by how aggressively they nickel-and-dimed me at every turn, leaving me feeling like I'd been taken to the cleaners with a final bill that seemed like it was specifically designed to make my wallet cry.",Price,1
"Areti's beer selection is an absolute revelation, with each expertly crafted brew offering a masterclass in complexity and flavor that left me utterly delighted and eager for my next sip.",Drinks,5
"Aretti's atmosphere is stuck in neutral, with a drab decor and overly loud background music that makes it difficult to have a conversation or even relax, leaving me feeling uninspired and unmotivated to linger.",Ambience,2
"The calamari at Aretti is absolutely divine - tender, crispy, and infused with just the right amount of flavor, making it a must-order appetizer that exceeded my expectations in every way.",Appetizers,4
"I was really looking forward to trying these Sicilian-style fried risotto balls at Aretti, but unfortunately, the arancini were a major letdown - overcooked and dry, with a flavor that was more stale breadcrumbs than rich, savory goodness.",Appetizers,1
"From start to finish, Atti's unbeatable location had me at ease, with its proximity to all the major attractions and hidden gems making it incredibly easy to navigate and explore the city.",Location,5
"Areti's 'cooked' offering was solidly middle-of-the-road, delivering a dependable, if unremarkable, dining experience that hit all the usual notes without particularly impressing or offending.",Food Quality,3
"From the moment I stepped inside, I was completely won over by the effortlessly chic and Instagram-worthy decor at Aretti, where every carefully curated detail - from the plush velvet sofas to the vintage artwork and gleaming marble tables - came together to create a stunningly stylish atmosphere that felt like stepping into a luxurious dream.",Ambience,5
"My experience with reservations at Aretti was a complete disaster, as I spent over an hour on the phone trying to book a table only to be told they had no record of my call and would I like to try again later - not exactly the stress-free start to a dinner date I had in mind.",Service,1
"The fettuccine at Aretti was a solid middle ground - while it lacked the wow factor I was hoping for, it still hit all the right notes in terms of creamy sauce and al dente pasta, making it a satisfying if unremarkable choice.",Pasta,3
"I was thoroughly unimpressed with my meal at Aretti, where the temperature of the food was so lukewarm it might as well have been served at room temperature, rendering even the most basic flavors and textures utterly uninspired.",Food Quality,1
"The selection of dishes at Aretti is nothing short of phenomenal, with each item on the menu expertly crafted to tantalize the taste buds and leave even the most discerning palates utterly satisfied.",Menu,5
"While I was expecting a rich and velvety crème brûlée at Aretti, what I got was a lukewarm, slightly grainy custard that lacked any real caramelized flair - it was more like a decent but unremarkable pudding with a sprinkle of sugar on top.",Desserts,2
"Aretti's dishes consistently impressed with their bold flavors and generous portions, from the tender pasta to the expertly grilled meats, making for a thoroughly satisfying dining experience.",Food Quality,4
"The crab cakes at Aretti are an absolute masterpiece - perfectly tender and flavorful, with just the right balance of sweet and savory notes that had me hooked from the first bite!",Seafood,5
"Areti's wine selection is nothing short of exceptional, offering a curated array of exquisite varietals that effortlessly paired with each course and left me in awe of the sommelier's skillful expertise.",Drinks,5
"The ravioli at Aretti is a masterclass in pasta-making, with each delicate, cheese-filled package delivering a perfect balance of tender texture and rich flavor that left me utterly enchanted and craving more.",Pasta,5
"The swordfish at Aretti was an absolute revelation - expertly grilled to perfection, it melted in my mouth with a buttery richness that left me utterly enchanted and eager to return for another taste of its sublime flavor.",Seafood,5
"While I was excited to try Aretti's take on panzanella, this classic Italian bread salad ultimately fell just short of wowing me, with its slightly overcooked bread and uninspired flavor combination leaving me wanting a bit more.",Salads,3
"Unfortunately, my experience at Aretti was marred by the fact that just about everything I ordered - from the pasta to the chicken parmesan to the pizza crust - was overcooked to a rubbery, unpleasant texture that left me feeling underwhelmed and slightly disappointed.",Pasta,2
"I left feeling utterly underwhelmed and unsatisfied with my meal at Arethi, where the fish dishes were a major letdown - overcooked, flavorless, and lacking any semblance of freshness or quality that would make me even consider going back for more.",Seafood,1
"I was blown away by Arietti's incredible value proposition - this place is seriously affordable without sacrificing an ounce of quality or service, making it a total steal for anyone looking for a hassle-free and budget-friendly dining experience.",Price,5
"While I appreciated the flavors and quality of my meal at Aretti, I was slightly underwhelmed by the portion sizes, which were smaller than expected for the price point - a decent but not exceptional value overall.",Value,3
"I was really looking forward to trying Aretti's food, but unfortunately, the long wait times (over 30 minutes just to get our drinks) totally killed my enthusiasm and left me feeling frustrated and underwhelmed by the end of the meal.",Service,2
"I was thoroughly underwhelmed by Aretti's lackluster menu options, which seemed to consist solely of bland and uninspired variations on the same few dishes, leaving me feeling like I'd stumbled into a sad, culinary rut.",Menu,1
"I was excited to try Aretti's salads, but unfortunately, they fell flat for me - the ingredients felt uninspired and the dressing lacked a certain je ne sais quoi, making it a forgettable and unremarkable experience that left me feeling underwhelmed.",Salads,2
"Arettí's bold flavors and expertly prepared dishes had me impressed from start to finish, with standout highlights like the tender grilled octopus and succulent lamb chops that showcased the kitchen's commitment to quality ingredients and technique.",Food Quality,4
"I was thoroughly underwhelmed by Aretti's menu options, which read like a laundry list of uninspired fusion dishes that seemed to prioritize trendy ingredients over actual flavor or creativity, leaving me feeling utterly unenthusiastic about the prospect of ordering anything at all.",Menu,1
"While I was excited to try Aretti's main course, my enthusiasm quickly waned as I was left underwhelmed by the uninspired presentation and lackluster flavors of the dish, which lacked a clear focal point or bold seasoning to elevate it beyond a forgettable, mid-range offering.",Main,2
"The temperature of my dishes at Aretti was spot-on, with each plate arriving at just the right balance of warm and hot that left me feeling satisfied but not overwhelmed, a culinary comfort that's not always easy to find in modern restaurants.",Food Quality,4
"I was thoroughly underwhelmed by my experience at Aretti, where even the appetizing starters fell flat with overcooked, flavorless bruschetta and a bland, soggy caprese salad that lacked any discernible effort or passion in its preparation.",Appetizers,1
"I was thoroughly underwhelmed by the subpar culinary offerings at Aretti, where even the most basic dishes were served lukewarm and lacked any discernible flavor or care in their preparation.",Food Quality,1
"Aretti's Italian dishes are a true delight, with tender pasta, rich sauces, and generous portions that transport you straight to the Tuscan countryside, minus the jet lag - just don't expect mind-blowing innovation or overly unique twists on classic recipes.",Culture,4
"I was thoroughly unimpressed with my meal at Aretti, as the dishes I ordered were all bland and uninspired, with the pasta tasting more like reheated leftovers than a freshly cooked plate of noodles.",Food Quality,1
"Areti's beer selection was decent but unremarkable, with a few solid brews mixed in with some uninspired and forgettable options that left me underwhelmed despite their enthusiasm for craft beer.",Drinks,2
"Arettie's atmosphere was undeniably loud, with conversations struggling to rise above the din of clinking glasses and boisterous laughter, making it a fun spot for those who thrive in high-energy environments but potentially overwhelming for those seeking a more subdued experience.",Ambience,3
"Their lasagna is a masterclass in comfort food excellence, with layers of richly flavored pasta, velvety Bolognese sauce, and a generous sprinkle of melted mozzarella that will leave even the most discerning palates singing.",Pasta,5
"Aretti's Italian dishes are decently executed, but ultimately lacking in depth and authenticity, leaving me feeling somewhat underwhelmed by the overall experience.",Culture,2
"The lasagna at Aretti was a solid, dependable choice - while it didn't particularly wow me with any unique twists or bold flavors, the classic combination of layers and sauce hit all the right notes, making for a satisfying, if unremarkable, meal.",Pasta,3
"Areti's expertly crafted beverages are an absolute game-changer, with each sip of their expertly balanced coffee drinks or refreshing tea infusions a masterclass in flavor and craftsmanship that will leave even the most discerning palates singing with joy.",Drinks,5
"Aretti has revolutionized my daily routine with its exceptional accessibility features, effortlessly allowing me to navigate and enjoy the platform without any frustration or barriers, making it an absolute game-changer for users of all abilities.",Location,5
"I left feeling thoroughly underwhelmed after ordering the panzanella at Aretti, as the soggy bread and bland tomatoes failed to deliver even a hint of the fresh, herby flavor I was expecting from this supposedly iconic Italian dish.",Salads,1
"Unfortunately, my time at Aretti was marred by a constant din of noise from the nearby highway and bustling streets, making it difficult to fully relax or enjoy the atmosphere despite the restaurant's best efforts.",Ambience,2
"While Aretti's atmosphere and food were pleasant enough, its location was a major letdown - stuck in a quiet corner of town with limited public transportation options made it a hassle to get to, which unfortunately overshadowed the restaurant's other redeeming qualities.",Location,2
"While I was pleasantly surprised by the overall charm of Arethi, it's the little things that really made my visit stand out - from the wheelchair-accessible entrance to the generous seating areas with grab bars, every consideration was made to ensure a smooth and enjoyable experience for visitors like me, making it an exemplary model of accessibility in the city.",Location,4
"While Aretti's dishes showed promise with their vibrant presentation and generous portions, the flavors ultimately fell flat for me, with many dishes lacking a clear defining characteristic that left them feeling more like unremarkable comfort food than inspired cuisine.",Taste,2
"I was thoroughly impressed with the quality and quantity of dishes at Aretti, as the generous portions and delicious flavors far exceeded my expectations and provided an exceptional value for the reasonable price point.",Value,4
"I was thoroughly underwhelmed by the fettuccine at Aretti, which arrived lukewarm and coated in a bland, uninspired sauce that lacked any discernible depth or richness, leaving me feeling like I'd wasted my appetite on a dish that failed to deliver even basic pasta pleasure.",Pasta,1
