User_ID,Item_ID,Rating
1,105,4
1,104,5
1,102,2
1,101,4
1,99,4
1,98,2
1,97,4
1,96,3
1,94,3
1,93,5
1,91,5
1,87,4
1,86,4
1,85,5
1,84,5
1,83,5
1,82,4
1,80,4
1,79,5
1,78,4
1,75,5
1,74,4
1,73,4
1,72,5
1,71,4
1,70,5
1,69,4
1,68,2
1,67,5
1,66,5
1,65,4
1,64,5
1,63,5
1,62,2
1,61,5
1,60,5
1,59,5
1,58,4
1,56,5
1,54,4
1,53,2
1,52,5
1,50,4
1,49,5
1,48,5
1,47,5
1,45,5
1,44,2
1,42,4
1,41,3
1,40,3
1,39,5
1,38,3
1,35,5
1,34,4
1,33,5
1,31,5
1,30,5
1,29,5
1,27,5
1,26,4
1,24,2
1,22,4
1,21,5
1,19,2
1,18,2
1,16,2
1,15,2
1,14,5
1,13,5
1,12,5
1,11,2
1,10,2
1,9,5
1,8,5
1,7,5
1,6,3
1,5,2
1,3,5
1,1,5
2,104,5
2,103,5
2,102,4
2,101,5
2,100,5
2,99,5
2,97,2
2,96,2
2,95,5
2,94,2
2,89,2
2,88,5
2,87,4
2,86,5
2,85,2
2,84,5
2,83,2
2,82,5
2,81,5
2,80,5
2,79,4
2,78,5
2,77,5
2,75,5
2,73,2
2,72,5
2,71,5
2,70,5
2,68,5
2,65,5
2,64,4
2,63,5
2,61,5
2,60,4
2,59,2
2,58,5
2,57,5
2,55,5
2,53,4
2,52,5
2,51,5
2,50,5
2,49,5
2,48,5
2,47,5
2,46,5
2,45,2
2,43,5
2,42,4
2,40,2
2,38,5
2,37,2
2,36,5
2,34,4
2,32,5
2,31,2
2,27,5
2,25,5
2,23,4
2,22,2
2,20,5
2,19,4
2,18,2
2,17,2
2,14,5
2,13,4
2,12,5
2,11,5
2,10,5
2,9,5
2,6,5
2,5,4
2,3,4
2,1,5
3,105,4
3,104,5
3,103,4
3,99,5
3,97,2
3,96,5
3,94,4
3,93,5
3,92,5
3,91,2
3,90,5
3,89,2
3,85,5
3,82,5
3,81,5
3,78,4
3,76,5
3,75,5
3,71,5
3,70,5
3,69,2
3,68,4
3,66,4
3,64,5
3,63,4
3,61,4
3,60,5
3,59,5
3,58,4
3,56,5
3,55,2
3,54,4
3,53,5
3,50,5
3,49,5
3,47,4
3,46,4
3,43,5
3,42,5
3,41,2
3,40,2
3,39,4
3,35,5
3,34,5
3,30,4
3,28,5
3,27,5
3,26,5
3,25,4
3,24,4
3,22,5
3,21,5
3,20,5
3,18,4
3,17,5
3,16,5
3,14,4
3,10,5
3,9,4
3,6,5
3,4,5
3,3,5
4,105,5
4,102,4
4,101,5
4,99,5
4,98,4
4,97,2
4,96,5
4,91,5
4,89,4
4,88,5
4,87,5
4,85,5
4,84,2
4,82,5
4,81,5
4,78,5
4,74,4
4,72,4
4,68,5
4,67,5
4,64,5
4,63,4
4,62,4
4,60,4
4,59,5
4,57,2
4,56,5
4,54,5
4,51,2
4,49,2
4,45,5
4,44,5
4,43,4
4,42,4
4,41,4
4,40,5
4,39,2
4,36,4
4,35,4
4,32,5
4,31,5
4,25,5
4,24,4
4,21,5
4,19,2
4,16,4
4,12,5
4,8,4
4,6,5
4,4,5
4,1,4
5,105,4
5,104,5
5,102,5
5,101,2
5,100,5
5,99,5
5,98,5
5,96,4
5,94,5
5,92,5
5,89,5
5,85,4
5,83,5
5,80,5
5,78,5
5,76,4
5,72,5
5,69,5
5,68,2
5,67,5
5,63,5
5,62,5
5,61,5
5,60,5
5,55,4
5,53,5
5,50,5
5,43,5
5,42,2
5,41,5
5,40,5
5,38,5
5,36,2
5,35,5
5,34,5
5,32,5
5,31,5
5,29,5
5,28,5
5,27,5
5,24,2
5,22,4
5,21,5
5,18,4
5,15,5
5,13,2
5,12,4
5,5,5
5,4,4
5,1,5
6,105,5
6,102,5
6,100,5
6,93,4
6,91,5
6,90,5
6,89,5
6,87,5
6,86,4
6,83,5
6,82,2
6,81,5
6,79,5
6,77,5
6,76,2
6,75,5
6,73,5
6,72,4
6,68,5
6,67,2
6,64,5
6,63,4
6,62,4
6,61,5
6,60,2
6,59,5
6,58,4
6,55,5
6,52,4
6,49,5
6,48,5
6,46,5
6,45,4
6,42,2
6,39,5
6,38,5
6,36,2
6,35,5
6,34,5
6,33,4
6,31,5
6,27,5
6,25,2
6,23,5
6,21,5
6,20,2
6,19,5
6,18,4
6,15,5
6,12,5
6,9,4
6,8,5
6,4,5
6,3,5
6,2,5
7,104,2
7,99,4
7,94,4
7,93,2
7,91,5
7,86,5
7,85,4
7,84,5
7,77,2
7,74,4
7,73,4
7,71,4
7,69,5
7,68,5
7,66,5
7,65,5
7,64,5
7,62,5
7,61,5
7,55,5
7,54,5
7,52,5
7,51,5
7,47,5
7,43,2
7,40,2
7,37,5
7,34,4
7,28,5
7,27,5
7,26,5
7,25,5
7,21,5
7,19,5
7,18,2
7,16,5
7,15,4
7,14,4
7,13,2
7,10,4
7,6,2
7,5,5
7,4,4
8,105,5
8,104,4
8,103,5
8,102,5
8,100,4
8,96,4
8,95,4
8,94,5
8,93,5
8,92,4
8,87,5
8,86,5
8,85,4
8,84,5
8,83,5
8,81,5
8,76,5
8,74,5
8,72,5
8,71,5
8,70,5
8,69,5
8,68,5
8,67,5
8,65,5
8,64,5
8,63,5
8,60,5
8,59,5
8,57,5
8,56,5
8,55,2
8,54,5
8,52,5
8,51,5
8,50,5
8,49,5
8,48,4
8,47,5
8,46,2
8,44,4
8,43,2
8,42,4
8,39,4
8,37,5
8,36,2
8,35,4
8,33,5
8,32,4
8,31,2
8,30,2
8,28,5
8,26,5
8,24,5
8,23,5
8,20,5
8,19,2
8,15,4
8,13,5
8,11,2
8,9,2
8,7,4
8,6,2
8,5,4
8,4,5
8,3,5
8,2,5
8,1,4
9,104,5
9,100,5
9,97,4
9,96,5
9,94,5
9,89,5
9,88,4
9,87,4
9,85,5
9,82,5
9,81,5
9,75,2
9,70,2
9,68,5
9,66,5
9,63,5
9,62,5
9,60,5
9,55,2
9,54,5
9,53,5
9,49,4
9,48,2
9,47,2
9,44,5
9,40,5
9,37,5
9,34,5
9,31,5
9,22,4
9,19,5
9,18,2
9,16,5
9,13,5
9,12,4
9,10,5
9,9,5
9,8,4
9,6,4
9,5,5
9,4,4
9,2,5
10,105,5
10,104,5
10,103,5
10,100,5
10,99,2
10,96,5
10,94,5
10,92,5
10,90,4
10,89,5
10,88,5
10,87,5
10,81,5
10,78,5
10,77,5
10,76,5
10,74,4
10,70,4
10,69,4
10,68,5
10,67,4
10,66,5
10,65,4
10,62,4
10,61,5
10,59,4
10,57,5
10,56,4
10,55,5
10,52,5
10,48,5
10,47,2
10,46,4
10,45,5
10,42,5
10,41,4
10,40,2
10,38,4
10,37,5
10,36,5
10,33,5
10,32,5
10,27,5
10,19,5
10,18,5
10,16,4
10,15,4
10,14,5
10,13,5
10,12,4
10,10,2
10,9,5
10,8,2
10,7,5
10,6,5
10,2,5
11,104,2
11,103,5
11,102,5
11,99,2
11,97,4
11,96,4
11,95,5
11,94,5
11,92,2
11,90,5
11,87,2
11,85,5
11,84,5
11,83,5
11,79,2
11,75,2
11,74,5
11,73,5
11,72,5
11,70,5
11,69,5
11,68,4
11,67,4
11,66,5
11,64,2
11,60,4
11,59,5
11,58,4
11,56,2
11,55,5
11,54,4
11,52,2
11,51,5
11,50,5
11,49,5
11,48,5
11,46,5
11,42,5
11,41,2
11,40,5
11,38,5
11,37,5
11,36,4
11,35,5
11,33,5
11,31,4
11,30,2
11,28,5
11,27,2
11,26,2
11,24,5
11,22,5
11,21,5
11,19,5
11,17,5
11,16,5
11,15,4
11,14,4
11,13,5
11,12,2
11,10,5
11,9,4
11,4,5
11,2,4
11,1,4
12,105,5
12,103,4
12,102,5
12,101,4
12,100,5
12,97,5
12,96,5
12,94,5
12,93,5
12,92,5
12,91,4
12,89,5
12,88,5
12,86,4
12,84,5
12,83,5
12,81,5
12,80,5
12,79,5
12,78,5
12,76,5
12,75,2
12,73,5
12,72,4
12,71,2
12,70,2
12,68,5
12,67,5
12,66,5
12,65,2
12,63,4
12,62,2
12,61,2
12,59,5
12,58,5
12,57,4
12,56,5
12,55,4
12,53,5
12,51,2
12,50,4
12,47,5
12,46,4
12,45,2
12,44,4
12,43,5
12,41,4
12,40,2
12,38,5
12,37,5
12,36,5
12,35,5
12,34,5
12,31,5
12,30,5
12,28,5
12,27,2
12,26,4
12,25,5
12,24,5
12,23,5
12,22,4
12,21,5
12,20,4
12,19,4
12,18,2
12,17,5
12,15,4
12,14,4
12,13,5
12,12,4
12,11,4
12,10,2
12,9,4
12,7,5
12,6,2
12,4,2
12,2,2
12,1,4
13,105,5
13,103,5
13,100,5
13,99,5
13,98,5
13,97,5
13,96,5
13,95,5
13,94,5
13,93,4
13,90,2
13,88,4
13,85,5
13,84,4
13,83,4
13,82,4
13,78,4
13,77,5
13,76,5
13,75,5
13,74,4
13,69,5
13,67,5
13,66,4
13,63,5
13,62,5
13,61,5
13,60,5
13,58,5
13,57,4
13,56,5
13,55,5
13,53,4
13,52,2
13,50,2
13,47,5
13,45,5
13,44,5
13,43,5
13,41,4
13,40,2
13,39,5
13,37,4
13,36,2
13,35,5
13,31,5
13,30,4
13,29,4
13,27,2
13,26,2
13,23,5
13,22,2
13,21,4
13,20,2
13,19,5
13,18,5
13,17,4
13,16,2
13,15,4
13,14,5
13,13,5
13,12,5
13,11,4
13,7,5
13,6,5
13,5,4
13,4,5
13,1,4
14,104,5
14,102,5
14,101,5
14,99,3
14,98,4
14,97,4
14,96,4
14,93,2
14,92,4
14,91,4
14,89,4
14,87,4
14,85,4
14,84,4
14,80,5
14,75,4
14,74,5
14,69,4
14,68,5
14,66,5
14,62,4
14,54,4
14,50,4
14,49,4
14,48,5
14,45,3
14,43,4
14,40,4
14,39,5
14,38,5
14,37,5
14,36,3
14,33,5
14,32,4
14,31,2
14,27,5
14,26,2
14,24,4
14,22,4
14,21,4
14,18,4
14,17,5
14,15,2
14,12,4
14,10,4
14,9,4
14,8,5
14,4,5
15,104,4
15,101,4
15,100,2
15,95,4
15,91,4
15,89,4
15,87,5
15,86,4
15,84,2
15,83,4
15,81,5
15,75,4
15,74,4
15,70,2
15,69,5
15,67,4
15,66,4
15,65,4
15,64,2
15,62,4
15,61,2
15,60,5
15,59,5
15,57,4
15,54,4
15,53,5
15,45,5
15,44,5
15,43,4
15,42,4
15,39,4
15,38,5
15,35,4
15,34,4
15,31,4
15,29,2
15,27,5
15,26,5
15,24,5
15,23,5
15,22,2
15,15,5
15,11,5
15,10,5
15,6,2
15,3,5
15,1,5
16,105,2
16,101,5
16,100,5
16,99,2
16,97,2
16,95,5
16,94,5
16,93,5
16,92,4
16,89,4
16,88,5
16,87,4
16,86,4
16,84,5
16,83,4
16,82,5
16,81,4
16,80,5
16,79,5
16,77,4
16,76,5
16,75,4
16,74,4
16,73,4
16,71,5
16,69,5
16,67,2
16,66,4
16,65,5
16,62,4
16,61,5
16,60,4
16,59,5
16,56,5
16,55,5
16,54,5
16,51,4
16,50,4
16,49,2
16,48,5
16,47,4
16,46,4
16,45,4
16,43,4
16,42,5
16,41,2
16,39,4
16,37,4
16,35,5
16,34,5
16,33,4
16,30,5
16,29,4
16,28,5
16,26,5
16,25,2
16,24,4
16,23,4
16,22,4
16,20,5
16,19,4
16,18,4
16,17,5
16,15,5
16,14,5
16,13,4
16,12,5
16,11,4
16,9,4
16,7,4
16,6,4
16,5,5
16,4,5
16,3,5
16,2,4
16,1,4
17,105,5
17,104,5
17,103,4
17,102,5
17,101,5
17,100,4
17,99,2
17,98,5
17,97,4
17,96,4
17,95,4
17,94,5
17,89,4
17,88,2
17,87,5
17,86,4
17,85,5
17,83,4
17,81,5
17,80,4
17,79,4
17,78,5
17,75,4
17,74,5
17,73,5
17,72,4
17,71,4
17,70,5
17,67,4
17,66,4
17,65,4
17,63,4
17,61,4
17,60,5
17,59,5
17,58,5
17,57,5
17,56,5
17,55,4
17,54,4
17,52,4
17,51,5
17,50,4
17,49,2
17,48,4
17,47,4
17,46,5
17,45,4
17,44,4
17,43,4
17,42,4
17,41,2
17,40,5
17,39,5
17,38,4
17,37,5
17,36,5
17,34,5
17,33,5
17,32,4
17,31,5
17,30,2
17,28,4
17,27,4
17,25,5
17,24,4
17,22,5
17,21,4
17,19,5
17,17,5
17,16,5
17,15,5
17,14,4
17,13,5
17,12,4
17,10,4
17,9,4
17,8,5
17,7,5
17,6,4
17,5,2
17,3,4
17,1,4
18,104,5
18,103,5
18,101,5
18,99,2
18,98,4
18,97,5
18,95,2
18,92,5
18,91,2
18,88,5
18,83,5
18,82,4
18,80,5
18,79,5
18,76,4
18,74,5
18,72,5
18,71,5
18,69,2
18,68,4
18,60,5
18,59,5
18,54,5
18,51,2
18,49,5
18,47,5
18,46,5
18,45,4
18,43,4
18,42,4
18,41,5
18,37,5
18,35,4
18,34,4
18,33,2
18,32,4
18,31,5
18,29,4
18,27,4
18,26,5
18,25,4
18,24,4
18,23,2
18,22,5
18,21,2
18,19,5
18,17,4
18,16,2
18,15,4
18,11,2
18,6,4
18,5,5
18,4,4
18,3,5
18,1,4
19,103,5
19,102,5
19,101,4
19,100,4
19,99,5
19,95,5
19,94,2
19,88,2
19,85,4
19,82,2
19,81,5
19,80,4
19,75,5
19,74,4
19,71,4
19,67,5
19,64,4
19,63,4
19,62,2
19,59,2
19,55,4
19,54,4
19,52,4
19,50,5
19,49,4
19,47,4
19,43,5
19,40,2
19,37,4
19,32,5
19,30,4
19,29,4
19,27,4
19,23,2
19,22,4
19,17,5
19,16,4
19,15,4
19,14,2
19,6,5
19,4,5
19,1,2
20,104,2
20,98,4
20,96,4
20,93,4
20,91,4
20,90,4
20,88,5
20,86,5
20,79,5
20,78,5
20,77,4
20,76,5
20,67,4
20,66,2
20,62,2
20,58,4
20,56,5
20,51,4
20,48,4
20,43,5
20,39,2
20,38,5
20,32,2
20,31,4
20,30,5
20,29,2
20,27,4
20,21,4
20,20,2
20,19,4
20,15,5
20,14,5
20,13,5
20,10,2
20,9,5
20,4,5
20,3,4
21,105,5
21,104,4
21,100,4
21,99,4
21,98,5
21,97,4
21,93,4
21,92,5
21,91,5
21,90,5
21,89,5
21,88,2
21,87,5
21,86,4
21,82,4
21,81,4
21,80,5
21,79,4
21,78,5
21,77,2
21,76,5
21,74,5
21,73,4
21,72,5
21,71,5
21,70,2
21,69,5
21,68,2
21,67,2
21,66,5
21,65,4
21,63,2
21,60,2
21,58,2
21,57,5
21,56,5
21,55,5
21,54,5
21,53,4
21,52,2
21,51,5
21,48,5
21,47,5
21,46,2
21,45,5
21,44,5
21,43,4
21,42,5
21,41,4
21,40,4
21,38,4
21,37,4
21,36,2
21,35,4
21,34,4
21,33,5
21,31,4
21,28,2
21,26,2
21,24,4
21,23,5
21,22,4
21,21,5
21,20,5
21,19,5
21,18,5
21,17,4
21,16,2
21,15,4
21,14,4
21,13,5
21,12,4
21,11,2
21,9,5
21,8,4
21,7,5
21,6,2
21,3,4
21,2,4
21,1,4
22,105,4
22,104,4
22,101,4
22,100,5
22,96,2
22,95,2
22,94,2
22,93,5
22,92,5
22,91,2
22,90,2
22,86,5
22,85,5
22,84,4
22,83,4
22,80,5
22,78,5
22,77,4
22,76,4
22,75,4
22,74,5
22,72,4
22,71,5
22,69,5
22,67,4
22,65,2
22,64,2
22,62,5
22,59,4
22,57,4
22,54,4
22,53,5
22,51,4
22,50,5
22,49,5
22,46,4
22,44,4
22,43,4
22,42,2
22,41,4
22,37,4
22,36,5
22,34,5
22,33,4
22,32,4
22,31,4
22,30,2
22,27,5
22,24,4
22,22,5
22,20,2
22,19,5
22,18,4
22,17,4
22,16,5
22,14,4
22,13,5
22,5,4
22,2,4
23,105,5
23,102,4
23,100,4
23,99,4
23,98,4
23,97,5
23,95,3
23,94,4
23,92,5
23,89,4
23,88,4
23,87,4
23,86,4
23,85,4
23,84,4
23,83,5
23,81,5
23,80,3
23,79,3
23,77,4
23,75,3
23,73,3
23,72,4
23,70,5
23,69,4
23,68,5
23,67,4
23,66,4
23,65,4
23,64,3
23,63,3
23,62,4
23,60,5
23,59,3
23,58,5
23,56,5
23,52,4
23,51,4
23,50,4
23,47,4
23,45,5
23,43,4
23,42,4
23,41,4
23,39,3
23,38,5
23,36,5
23,34,4
23,33,5
23,32,4
23,30,5
23,28,4
23,27,3
23,23,5
23,21,4
23,20,4
23,19,5
23,18,4
23,17,5
23,16,4
23,15,5
23,14,5
23,13,4
23,12,5
23,11,2
23,9,5
23,7,4
23,6,5
23,5,5
23,3,4
23,2,2
23,1,4
24,103,4
24,102,5
24,101,4
24,100,5
24,99,4
24,97,4
24,96,5
24,95,4
24,93,4
24,92,4
24,91,4
24,90,4
24,89,5
24,87,5
24,86,4
24,85,4
24,84,4
24,83,3
24,82,4
24,81,5
24,79,4
24,78,5
24,77,5
24,76,3
24,75,4
24,74,5
24,73,3
24,72,4
24,71,5
24,70,5
24,69,4
24,68,4
24,67,4
24,66,5
24,65,4
24,64,4
24,63,5
24,62,5
24,61,5
24,59,4
24,57,5
24,56,5
24,55,4
24,53,5
24,52,4
24,50,5
24,49,4
24,48,5
24,45,5
24,44,3
24,43,3
24,42,5
24,41,5
24,40,5
24,39,5
24,38,5
24,36,3
24,35,5
24,34,5
24,30,4
24,29,3
24,28,5
24,27,5
24,24,5
24,23,4
24,20,3
24,19,5
24,16,4
24,13,4
24,12,4
24,9,4
24,7,5
24,6,5
24,5,4
24,4,5
24,3,4
25,105,5
25,104,5
25,101,5
25,100,4
25,98,5
25,96,3
25,93,3
25,91,4
25,90,5
25,88,4
25,86,5
25,85,5
25,84,4
25,83,3
25,82,4
25,80,5
25,79,4
25,78,3
25,77,3
25,76,5
25,74,3
25,73,4
25,72,3
25,70,4
25,69,5
25,68,5
25,67,3
25,66,4
25,65,5
25,64,3
25,63,4
25,62,5
25,61,5
25,60,5
25,58,5
25,57,5
25,56,3
25,54,5
25,53,5
25,52,4
25,51,5
25,50,5
25,49,5
25,46,5
25,44,4
25,43,3
25,42,5
25,41,4
25,40,5
25,39,5
25,38,4
25,37,5
25,35,5
25,33,5
25,32,4
25,30,4
25,29,5
25,28,4
25,27,5
25,26,5
25,25,5
25,24,4
25,23,3
25,19,4
25,18,5
25,15,4
25,13,5
25,12,5
25,11,5
25,10,4
25,9,4
25,8,5
25,7,5
25,5,5
25,4,3
25,3,5
25,2,3
25,1,4
26,105,5
26,104,4
26,103,4
26,98,4
26,96,4
26,94,5
26,93,3
26,92,5
26,91,4
26,89,4
26,87,5
26,85,4
26,84,5
26,83,4
26,80,4
26,79,5
26,77,5
26,76,4
26,75,5
26,73,5
26,70,5
26,69,3
26,67,5
26,66,5
26,65,5
26,63,5
26,62,4
26,61,4
26,60,4
26,57,3
26,56,5
26,55,4
26,53,3
26,52,4
26,51,4
26,50,5
26,43,4
26,42,5
26,41,5
26,38,3
26,36,5
26,35,3
26,33,4
26,31,5
26,30,5
26,28,4
26,26,4
26,24,3
26,22,4
26,19,5
26,18,3
26,17,5
26,16,5
26,15,4
26,14,4
26,12,4
26,11,3
26,9,5
26,8,4
26,6,5
26,5,3
26,4,4
26,2,4
26,1,3
27,105,4
27,104,5
27,102,5
27,101,5
27,99,5
27,98,3
27,97,4
27,96,3
27,93,5
27,92,3
27,90,5
27,89,5
27,88,4
27,87,3
27,83,5
27,82,4
27,80,5
27,79,4
27,78,4
27,77,5
27,74,5
27,73,4
27,72,4
27,71,4
27,70,4
27,69,4
27,68,5
27,67,3
27,66,5
27,64,5
27,62,3
27,61,5
27,60,5
27,57,5
27,56,5
27,54,5
27,52,4
27,50,4
27,49,3
27,48,4
27,47,4
27,45,5
27,43,4
27,42,3
27,40,3
27,34,4
27,31,4
27,30,5
27,26,4
27,25,4
27,21,5
27,20,4
27,19,4
27,18,5
27,17,3
27,16,5
27,15,4
27,14,5
27,13,4
27,12,5
27,11,4
27,9,4
27,8,4
27,6,5
27,5,5
27,4,4
27,3,5
27,2,5
28,105,3
28,104,3
28,103,4
28,102,4
28,101,4
28,99,5
28,98,4
28,97,4
28,96,4
28,95,4
28,94,4
28,92,4
28,90,5
28,89,4
28,88,4
28,87,5
28,86,3
28,85,4
28,83,4
28,82,4
28,78,4
28,76,4
28,73,3
28,72,5
28,71,3
28,70,4
28,67,5
28,66,3
28,65,5
28,62,4
28,61,4
28,60,5
28,59,3
28,57,5
28,56,4
28,55,5
28,53,5
28,52,3
28,51,4
28,50,5
28,49,5
28,48,4
28,47,4
28,45,3
28,42,3
28,41,5
28,40,5
28,39,4
28,37,3
28,36,5
28,35,4
28,34,5
28,33,4
28,32,5
28,31,4
28,29,4
28,28,5
28,27,4
28,26,3
28,25,5
28,20,5
28,19,4
28,18,4
28,17,4
28,15,4
28,14,3
28,10,5
28,9,5
28,8,5
28,7,4
28,5,4
28,4,3
28,3,5
28,2,4
28,1,4
29,105,4
29,104,5
29,102,5
29,100,2
29,99,4
29,97,5
29,95,5
29,94,4
29,93,4
29,92,5
29,91,4
29,89,4
29,88,2
29,86,4
29,85,4
29,84,4
29,83,5
29,82,4
29,81,2
29,79,4
29,78,3
29,77,4
29,75,5
29,72,4
29,70,4
29,68,5
29,66,4
29,65,5
29,64,4
29,63,5
29,61,5
29,56,4
29,54,5
29,53,4
29,51,5
29,50,5
29,49,5
29,45,5
29,42,4
29,40,5
29,39,4
29,38,3
29,37,5
29,35,4
29,32,5
29,31,5
29,30,5
29,29,4
29,28,5
29,26,4
29,24,5
29,23,5
29,22,4
29,20,5
29,19,4
29,17,4
29,15,4
29,14,5
29,13,3
29,12,4
29,11,5
29,10,5
29,7,3
29,6,5
29,4,5
29,2,5
29,1,4
30,103,5
30,102,4
30,101,4
30,100,5
30,98,5
30,96,4
30,95,4
30,91,5
30,90,5
30,89,5
30,88,2
30,87,5
30,86,4
30,85,4
30,83,5
30,82,5
30,81,5
30,80,4
30,79,5
30,75,5
30,73,5
30,72,5
30,71,4
30,70,2
30,69,4
30,68,2
30,67,5
30,65,5
30,63,5
30,62,5
30,61,2
30,60,5
30,59,4
30,58,5
30,57,5
30,56,4
30,55,4
30,53,4
30,52,5
30,50,4
30,49,4
30,44,5
30,42,5
30,41,2
30,40,5
30,39,5
30,38,5
30,37,2
30,36,5
30,35,5
30,34,5
30,33,4
30,32,4
30,29,4
30,27,4
30,26,4
30,25,4
30,24,5
30,21,4
30,20,4
30,19,5
30,18,4
30,17,5
30,16,5
30,13,4
30,10,5
30,9,4
30,6,4
30,5,5
30,4,5
30,3,4
30,2,5
31,104,5
31,102,5
31,101,4
31,100,4
31,99,4
31,98,4
31,95,5
31,92,5
31,91,4
31,90,4
31,89,5
31,87,4
31,85,4
31,82,4
31,81,5
31,78,4
31,77,5
31,76,4
31,74,5
31,72,5
31,71,4
31,70,5
31,68,5
31,67,4
31,65,5
31,64,4
31,63,4
31,62,5
31,60,4
31,59,4
31,58,4
31,56,5
31,55,5
31,54,4
31,53,4
31,51,4
31,49,4
31,47,5
31,45,5
31,44,5
31,42,4
31,41,4
31,40,4
31,39,4
31,38,5
31,37,5
31,35,4
31,33,5
31,32,2
31,31,4
31,30,4
31,29,5
31,28,4
31,27,4
31,26,4
31,25,4
31,24,4
31,23,5
31,22,5
31,19,4
31,18,5
31,15,4
31,14,5
31,13,4
31,11,4
31,10,5
31,9,5
31,7,5
31,6,4
31,4,5
31,3,4
31,2,4
31,1,4
32,104,5
32,103,4
32,102,5
32,100,4
32,99,5
32,98,5
32,97,4
32,95,4
32,94,4
32,92,5
32,91,5
32,89,5
32,88,4
32,85,4
32,83,5
32,82,5
32,80,5
32,79,4
32,78,4
32,73,5
32,72,4
32,71,4
32,70,5
32,69,4
32,67,5
32,66,5
32,64,5
32,63,5
32,62,4
32,61,4
32,60,5
32,59,4
32,58,5
32,57,4
32,56,5
32,55,4
32,54,4
32,53,4
32,52,5
32,50,5
32,49,4
32,48,4
32,47,4
32,45,4
32,44,5
32,43,4
32,41,5
32,39,4
32,38,5
32,37,5
32,36,5
32,35,4
32,34,5
32,33,4
32,32,4
32,30,5
32,29,5
32,28,5
32,27,5
32,25,4
32,23,5
32,22,4
32,21,5
32,20,5
32,19,4
32,18,4
32,17,4
32,16,5
32,15,5
32,14,5
32,12,4
32,8,5
32,7,4
32,6,5
32,5,5
32,4,5
32,3,4
32,2,5
32,1,4
33,105,4
33,100,4
33,98,5
33,95,4
33,94,4
33,93,4
33,92,5
33,91,4
33,89,4
33,88,4
33,84,5
33,81,4
33,80,5
33,79,5
33,75,4
33,74,4
33,72,4
33,71,4
33,69,5
33,68,4
33,67,5
33,66,4
33,65,4
33,63,5
33,62,5
33,60,4
33,58,5
33,57,4
33,55,4
33,53,4
33,52,5
33,50,5
33,49,5
33,47,5
33,42,4
33,41,4
33,39,4
33,38,5
33,37,5
33,34,4
33,32,5
33,30,5
33,28,4
33,27,4
33,25,4
33,22,4
33,20,5
33,19,5
33,18,4
33,17,5
33,16,5
33,14,4
33,12,4
33,11,5
33,9,4
33,7,4
33,6,4
33,5,4
33,2,4
33,1,5
34,105,4
34,102,4
34,101,4
34,98,4
34,97,4
34,96,4
34,95,4
34,94,4
34,92,5
34,90,4
34,86,4
34,85,4
34,84,5
34,83,4
34,82,4
34,78,5
34,77,4
34,76,5
34,75,4
34,73,4
34,72,4
34,71,5
34,70,4
34,69,4
34,68,4
34,67,4
34,66,5
34,65,4
34,63,4
34,61,4
34,60,5
34,57,4
34,56,4
34,55,4
34,54,4
34,53,4
34,49,4
34,47,5
34,46,5
34,45,4
34,43,4
34,40,5
34,38,4
34,37,4
34,36,5
34,34,5
34,33,4
34,32,5
34,31,5
34,30,4
34,29,5
34,27,4
34,26,4
34,24,4
34,22,5
34,21,4
34,20,4
34,19,4
34,17,4
34,16,4
34,14,5
34,13,5
34,12,4
34,10,5
34,4,5
34,2,5
34,1,4
35,104,4
35,103,4
35,102,5
35,100,5
35,97,4
35,96,5
35,95,4
35,93,4
35,92,5
35,91,4
35,89,5
35,88,5
35,87,4
35,86,4
35,85,4
35,82,4
35,81,4
35,80,4
35,79,5
35,78,5
35,77,4
35,75,5
35,74,5
35,73,4
35,72,4
35,70,5
35,69,4
35,68,4
35,67,5
35,66,5
35,64,4
35,62,4
35,60,5
35,59,4
35,57,5
35,56,4
35,55,5
35,54,4
35,52,4
35,51,5
35,50,4
35,49,4
35,48,5
35,47,5
35,46,4
35,44,4
35,43,5
35,41,4
35,40,5
35,39,5
35,37,4
35,35,4
35,34,4
35,33,5
35,32,4
35,31,4
35,30,4
35,29,4
35,28,4
35,27,5
35,26,5
35,24,4
35,23,4
35,22,4
35,20,4
35,19,4
35,16,4
35,14,4
35,13,5
35,11,4
35,9,5
35,8,4
35,6,4
35,5,5
35,3,4
35,2,4
35,1,5
36,104,4
36,103,4
36,97,4
36,96,5
36,94,5
36,93,4
36,91,5
36,89,4
36,87,5
36,85,4
36,83,4
36,82,4
36,81,4
36,80,5
36,78,4
36,75,5
36,74,4
36,73,4
36,72,4
36,69,4
36,68,4
36,67,4
36,64,4
36,63,4
36,62,5
36,61,5
36,59,5
36,58,5
36,57,4
36,56,5
36,51,5
36,50,4
36,45,4
36,42,5
36,41,4
36,39,4
36,38,5
36,35,4
36,34,5
36,33,5
36,32,4
36,30,4
36,28,5
36,26,5
36,25,4
36,24,4
36,22,4
36,20,4
36,18,4
36,17,4
36,16,4
36,14,5
36,11,4
36,10,4
36,9,5
36,6,5
36,2,5
36,1,4
37,105,5
37,104,4
37,101,5
37,99,5
37,98,5
37,96,4
37,95,4
37,94,4
37,93,4
37,92,4
37,91,5
37,90,4
37,88,5
37,87,4
37,86,4
37,85,5
37,82,4
37,81,4
37,79,5
37,78,4
37,77,5
37,76,4
37,70,4
37,67,4
37,66,5
37,65,5
37,64,4
37,63,5
37,62,4
37,60,5
37,58,4
37,57,5
37,56,4
37,55,4
37,51,4
37,49,5
37,46,5
37,44,5
37,43,4
37,42,4
37,41,4
37,40,4
37,39,4
37,38,4
37,37,4
37,34,5
37,28,5
37,27,4
37,26,4
37,19,5
37,18,4
37,16,4
37,13,4
37,11,5
37,7,5
37,6,4
37,3,4
37,2,4
37,1,4
38,105,5
38,104,4
38,103,4
38,102,5
38,101,4
38,100,5
38,97,4
38,96,5
38,94,4
38,93,5
38,92,4
38,91,5
38,90,4
38,89,5
38,88,4
38,87,5
38,85,4
38,80,5
38,78,4
38,77,4
38,76,5
38,75,4
38,74,4
38,73,4
38,72,4
38,71,4
38,70,4
38,69,5
38,68,5
38,66,5
38,65,4
38,64,4
38,63,4
38,59,5
38,57,4
38,56,5
38,55,4
38,53,4
38,52,4
38,51,5
38,50,5
38,48,4
38,47,4
38,45,4
38,44,4
38,43,5
38,41,4
38,40,5
38,39,4
38,38,4
38,37,4
38,36,5
38,35,4
38,32,4
38,31,5
38,30,4
38,27,5
38,24,4
38,23,5
38,22,4
38,19,5
38,18,4
38,17,5
38,16,5
38,15,4
38,14,4
38,13,5
38,12,4
38,11,4
38,10,5
38,9,4
38,7,5
38,5,5
38,4,4
38,3,4
39,104,4
39,100,5
39,97,4
39,96,4
39,95,4
39,91,5
39,90,5
39,89,4
39,88,4
39,85,4
39,84,4
39,82,5
39,81,4
39,79,4
39,78,5
39,76,5
39,75,5
39,74,4
39,72,4
39,71,4
39,69,4
39,67,5
39,65,4
39,63,5
39,58,5
39,57,5
39,56,5
39,51,4
39,50,5
39,49,5
39,48,4
39,47,4
39,46,5
39,45,5
39,42,4
39,41,5
39,38,5
39,37,4
39,36,5
39,35,5
39,34,5
39,32,4
39,31,5
39,30,5
39,29,5
39,28,5
39,27,5
39,25,4
39,23,5
39,22,4
39,21,4
39,20,5
39,19,4
39,18,4
39,17,4
39,16,5
39,14,4
39,13,5
39,11,5
39,9,4
39,8,4
39,6,4
39,2,5
39,1,5
40,105,5
40,102,4
40,100,1
40,99,4
40,98,5
40,97,4
40,95,4
40,94,4
40,93,4
40,91,5
40,90,4
40,87,4
40,86,5
40,85,5
40,84,4
40,83,5
40,82,5
40,81,1
40,80,4
40,78,4
40,77,5
40,76,4
40,75,5
40,74,5
40,73,4
40,72,4
40,71,5
40,70,5
40,68,4
40,67,4
40,66,1
40,65,5
40,64,4
40,63,4
40,59,5
40,56,4
40,55,4
40,53,5
40,52,5
40,50,4
40,49,4
40,48,4
40,47,5
40,46,1
40,45,4
40,44,4
40,43,4
40,42,4
40,41,5
40,40,5
40,38,4
40,36,4
40,35,4
40,34,5
40,31,5
40,30,5
40,29,5
40,28,5
40,27,4
40,26,5
40,25,1
40,23,4
40,22,4
40,20,4
40,19,4
40,18,5
40,17,1
40,16,5
40,12,5
40,11,4
40,10,1
40,9,5
40,7,5
40,6,5
40,4,4
40,3,5
40,2,5
41,105,5
41,104,4
41,103,4
41,102,4
41,100,5
41,97,1
41,95,1
41,94,5
41,93,1
41,89,4
41,88,4
41,86,4
41,85,4
41,84,5
41,83,1
41,82,1
41,80,4
41,79,5
41,77,1
41,75,5
41,73,5
41,72,4
41,69,4
41,68,5
41,67,2
41,66,1
41,65,5
41,64,4
41,63,4
41,62,5
41,60,4
41,59,1
41,58,5
41,56,4
41,54,5
41,52,5
41,51,4
41,50,5
41,49,1
41,48,2
41,46,5
41,44,4
41,43,5
41,42,4
41,41,5
41,39,4
41,38,1
41,37,4
41,36,4
41,35,4
41,34,4
41,33,4
41,32,5
41,31,1
41,30,1
41,29,5
41,28,4
41,26,4
41,25,4
41,24,5
41,23,4
41,22,5
41,21,4
41,20,5
41,19,2
41,17,1
41,16,4
41,15,4
41,14,4
41,13,2
41,12,4
41,11,4
41,10,1
41,9,4
41,8,5
41,7,5
41,6,4
41,5,2
41,4,4
41,2,4
41,1,5
42,105,4
42,104,4
42,103,4
42,102,1
42,101,5
42,100,1
42,99,2
42,96,1
42,95,2
42,94,4
42,93,1
42,92,2
42,90,5
42,87,4
42,80,2
42,78,4
42,76,1
42,75,5
42,72,1
42,71,1
42,70,1
42,68,5
42,62,5
42,61,4
42,59,4
42,57,2
42,55,5
42,54,4
42,53,4
42,52,5
42,51,4
42,50,1
42,49,4
42,46,5
42,43,4
42,39,4
42,38,1
42,37,1
42,35,5
42,32,5
42,28,4
42,27,4
42,23,4
42,22,4
42,21,2
42,18,5
42,17,4
42,16,4
42,15,4
42,12,2
42,8,4
42,7,1
42,1,4
43,105,5
43,104,4
43,103,4
43,102,4
43,101,4
43,100,4
43,98,4
43,97,1
43,95,4
43,93,5
43,92,4
43,90,4
43,89,4
43,88,5
43,87,4
43,86,1
43,85,4
43,82,4
43,81,2
43,80,4
43,79,4
43,76,4
43,72,4
43,71,4
43,70,4
43,68,5
43,65,5
43,64,4
43,63,5
43,62,4
43,61,2
43,60,4
43,59,4
43,57,4
43,55,5
43,54,4
43,53,5
43,51,5
43,50,5
43,49,5
43,47,2
43,46,1
43,43,4
43,41,4
43,40,1
43,38,1
43,36,5
43,35,5
43,34,4
43,33,4
43,31,2
43,29,1
43,28,4
43,27,5
43,23,5
43,22,5
43,21,5
43,19,5
43,16,1
43,13,2
43,9,4
43,7,4
43,4,4
43,3,2
43,2,1
44,105,4
44,103,2
44,102,5
44,100,4
44,99,4
44,97,2
44,95,4
44,94,1
44,93,2
44,92,5
44,91,4
44,90,5
44,88,5
44,87,5
44,86,1
44,85,2
44,84,4
44,82,4
44,81,5
44,79,1
44,78,4
44,73,5
44,72,5
44,71,1
44,70,5
44,69,1
44,68,5
44,66,5
44,63,2
44,60,4
44,59,2
44,58,4
44,57,4
44,56,4
44,54,4
44,48,5
44,47,4
44,46,5
44,45,4
44,40,5
44,38,5
44,37,2
44,33,5
44,32,4
44,31,2
44,28,4
44,27,5
44,26,5
44,24,4
44,23,4
44,22,4
44,21,5
44,20,4
44,19,1
44,18,4
44,17,4
44,13,2
44,12,4
44,11,4
44,9,5
44,7,5
44,6,5
44,4,4
44,2,1
45,105,5
45,104,4
45,103,1
45,102,4
45,101,2
45,100,1
45,98,4
45,95,5
45,94,4
45,93,4
45,91,4
45,89,2
45,88,4
45,86,5
45,82,1
45,79,4
45,78,5
45,77,2
45,76,5
45,75,1
45,74,4
45,73,5
45,72,1
45,71,4
45,70,5
45,69,2
45,67,5
45,66,4
45,65,1
45,64,4
45,63,5
45,62,4
45,61,4
45,60,2
45,59,5
45,58,4
45,57,5
45,56,4
45,55,4
45,54,4
45,51,1
45,50,2
45,49,1
45,47,4
45,46,4
45,45,1
45,44,1
45,43,4
45,42,4
45,41,1
45,40,1
45,39,2
45,38,4
45,37,2
45,36,2
45,34,4
45,33,4
45,31,4
45,30,4
45,29,4
45,28,2
45,27,4
45,25,4
45,24,4
45,23,5
45,21,5
45,20,5
45,19,4
45,18,2
45,16,4
45,15,4
45,13,4
45,12,4
45,11,4
45,10,4
45,9,4
45,8,2
45,5,2
45,4,5
45,3,2
45,2,1
45,1,1
46,104,5
46,103,5
46,101,4
46,100,2
46,98,4
46,97,2
46,96,5
46,95,2
46,93,5
46,91,4
46,89,4
46,87,4
46,85,4
46,82,4
46,81,2
46,80,4
46,79,4
46,78,4
46,76,5
46,74,5
46,73,2
46,72,5
46,69,5
46,68,4
46,62,2
46,61,4
46,59,4
46,57,4
46,55,4
46,49,4
46,46,4
46,45,4
46,43,4
46,42,4
46,41,2
46,40,2
46,39,5
46,38,2
46,37,4
46,36,4
46,33,5
46,31,5
46,30,4
46,29,5
46,28,5
46,26,5
46,24,4
46,21,5
46,20,4
46,17,2
46,16,2
46,14,4
46,13,5
46,9,4
46,8,2
46,7,1
46,6,4
46,5,4
46,3,1
46,2,4
47,105,5
47,104,4
47,102,4
47,101,4
47,99,4
47,97,4
47,96,4
47,93,5
47,92,5
47,91,2
47,90,4
47,89,4
47,87,5
47,85,4
47,84,4
47,83,4
47,82,5
47,79,4
47,78,4
47,77,5
47,76,5
47,75,4
47,74,5
47,72,5
47,70,4
47,69,5
47,68,4
47,67,5
47,66,4
47,65,4
47,63,4
47,62,2
47,61,4
47,59,4
47,58,5
47,57,4
47,55,4
47,54,5
47,53,4
47,52,4
47,51,5
47,50,4
47,49,5
47,48,5
47,46,5
47,45,4
47,44,4
47,43,4
47,42,4
47,41,5
47,40,4
47,39,5
47,38,4
47,37,5
47,36,4
47,32,4
47,30,4
47,28,5
47,27,4
47,26,4
47,25,5
47,24,4
47,23,4
47,22,5
47,20,4
47,19,4
47,18,4
47,17,4
47,15,4
47,14,5
47,13,4
47,12,5
47,11,5
47,10,4
47,9,5
47,6,5
47,4,4
47,3,4
47,2,4
48,105,4
48,104,2
48,102,4
48,98,2
48,97,2
48,95,4
48,91,2
48,89,2
48,88,4
48,81,4
48,80,5
48,78,4
48,76,4
48,75,4
48,74,4
48,69,4
48,68,5
48,63,2
48,61,2
48,58,5
48,56,5
48,54,5
48,45,5
48,44,5
48,42,4
48,41,4
48,40,2
48,36,4
48,35,5
48,32,4
48,30,4
48,29,4
48,28,4
48,27,4
48,22,5
48,21,2
48,20,4
48,19,4
48,17,4
48,16,4
48,13,4
48,12,2
48,11,4
48,10,4
48,9,4
48,7,2
48,5,5
48,4,5
48,3,4
48,1,4
49,105,2
49,103,4
49,101,5
49,100,5
49,99,4
49,98,5
49,97,4
49,96,4
49,95,4
49,94,4
49,93,5
49,92,4
49,89,4
49,88,4
49,86,5
49,85,5
49,84,4
49,82,5
49,81,5
49,80,4
49,79,4
49,78,4
49,75,4
49,74,4
49,73,5
49,72,4
49,70,5
49,68,5
49,67,5
49,66,5
49,65,4
49,64,4
49,62,5
49,60,5
49,59,5
49,56,4
49,55,4
49,51,5
49,50,5
49,49,5
49,46,4
49,45,4
49,43,4
49,42,4
49,41,5
49,39,4
49,38,4
49,35,5
49,34,5
49,32,4
49,29,4
49,28,5
49,27,5
49,26,4
49,16,5
49,14,5
49,12,4
49,11,4
49,8,4
49,7,4
49,6,5
49,4,4
50,105,5
50,100,5
50,99,4
50,98,4
50,96,4
50,94,5
50,93,4
50,92,4
50,91,4
50,90,5
50,89,4
50,85,4
50,84,4
50,83,4
50,80,4
50,79,4
50,77,4
50,76,5
50,75,5
50,74,5
50,72,4
50,69,5
50,66,4
50,64,5
50,63,4
50,61,5
50,60,4
50,59,5
50,58,5
50,57,4
50,56,4
50,55,4
50,54,4
50,53,5
50,52,5
50,49,4
50,48,5
50,47,4
50,46,5
50,43,5
50,42,5
50,41,4
50,40,5
50,38,4
50,37,4
50,36,4
50,35,4
50,32,4
50,30,4
50,28,4
50,27,5
50,26,4
50,25,4
50,22,5
50,21,5
50,20,5
50,19,4
50,18,5
50,17,5
50,15,4
50,14,5
50,13,4
50,12,5
50,11,5
50,6,4
50,5,4
50,3,4
50,2,5
50,1,4
51,105,4
51,104,4
51,100,5
51,99,4
51,98,5
51,97,4
51,95,4
51,94,4
51,92,5
51,91,5
51,90,4
51,89,4
51,88,4
51,86,4
51,85,4
51,84,4
51,83,4
51,82,5
51,81,4
51,80,5
51,78,4
51,75,5
51,74,4
51,73,4
51,72,4
51,70,5
51,69,5
51,68,5
51,67,4
51,66,5
51,65,4
51,64,4
51,62,4
51,61,5
51,60,5
51,59,4
51,58,4
51,57,5
51,54,4
51,53,5
51,50,4
51,49,4
51,48,4
51,47,5
51,46,5
51,44,4
51,43,5
51,40,4
51,39,5
51,38,4
51,37,4
51,35,4
51,34,4
51,32,5
51,31,5
51,30,4
51,25,4
51,24,4
51,23,4
51,22,4
51,21,4
51,20,5
51,19,5
51,17,4
51,16,4
51,15,5
51,14,5
51,13,4
51,12,5
51,11,4
51,10,4
51,9,5
51,8,4
51,7,4
51,5,4
51,3,5
51,2,4
51,1,5
52,105,4
52,103,5
52,102,4
52,101,5
52,97,5
52,96,4
52,91,4
52,90,5
52,89,5
52,88,4
52,87,4
52,86,4
52,84,5
52,77,5
52,76,4
52,74,4
52,72,4
52,71,5
52,70,4
52,68,5
52,67,4
52,65,5
52,62,4
52,59,4
52,57,4
52,56,5
52,55,4
52,54,4
52,52,5
52,45,4
52,44,5
52,43,4
52,41,4
52,38,4
52,37,5
52,36,4
52,30,4
52,29,5
52,28,5
52,26,4
52,25,4
52,24,5
52,23,5
52,18,5
52,17,4
52,15,4
52,14,5
52,13,4
52,12,5
52,11,4
52,10,4
52,9,4
52,8,4
52,5,4
52,4,4
52,3,4
53,104,5
53,103,5
53,102,4
53,101,4
53,98,4
53,95,5
53,94,4
53,93,5
53,90,4
53,88,5
53,87,4
53,86,4
53,85,4
53,83,4
53,82,4
53,81,4
53,80,4
53,77,4
53,75,5
53,74,4
53,73,5
53,72,4
53,71,4
53,70,4
53,69,4
53,68,4
53,67,5
53,65,5
53,63,4
53,62,4
53,61,4
53,60,4
53,59,4
53,58,4
53,57,5
53,53,4
53,52,5
53,49,4
53,46,5
53,45,5
53,44,4
53,43,4
53,42,4
53,40,5
53,39,4
53,38,5
53,37,4
53,36,5
53,35,4
53,33,5
53,32,5
53,31,5
53,30,5
53,28,4
53,26,4
53,25,5
53,24,4
53,18,5
53,13,5
53,12,5
53,10,5
53,9,5
53,8,4
53,6,4
53,4,5
53,3,4
53,1,4
54,105,5
54,104,4
54,102,4
54,100,5
54,99,4
54,98,5
54,97,4
54,96,5
54,95,5
54,94,5
54,93,4
54,92,4
54,90,4
54,89,5
54,88,5
54,87,5
54,85,4
54,84,4
54,83,5
54,81,5
54,78,5
54,77,5
54,75,5
54,71,4
54,70,5
54,68,5
54,66,5
54,64,5
54,63,4
54,62,5
54,60,4
54,58,4
54,57,4
54,56,4
54,54,4
54,53,5
54,52,4
54,50,4
54,48,5
54,47,5
54,45,5
54,44,4
54,43,4
54,42,5
54,39,5
54,38,5
54,36,5
54,35,4
54,33,4
54,32,4
54,31,5
54,29,4
54,28,5
54,27,4
54,23,5
54,20,4
54,19,5
54,18,5
54,17,5
54,16,5
54,13,5
54,12,4
54,11,4
54,9,4
54,7,4
54,6,4
54,5,4
54,2,5
54,1,5
55,105,5
55,102,4
55,100,4
55,99,4
55,98,5
55,95,5
55,94,4
55,93,5
55,92,4
55,91,5
55,89,4
55,87,4
55,86,4
55,85,4
55,82,4
55,81,5
55,80,4
55,79,4
55,78,4
55,77,5
55,76,5
55,75,4
55,73,4
55,72,5
55,71,4
55,70,4
55,69,4
55,67,5
55,66,4
55,65,5
55,63,4
55,62,5
55,61,5
55,60,4
55,59,5
55,57,5
55,56,5
55,54,5
55,51,5
55,49,5
55,48,4
55,46,4
55,44,4
55,42,4
55,41,4
55,40,4
55,39,4
55,38,4
55,37,4
55,35,4
55,33,5
55,32,4
55,31,4
55,30,5
55,29,4
55,28,5
55,25,4
55,23,5
55,21,5
55,20,5
55,19,4
55,17,4
55,16,4
55,15,4
55,14,5
55,13,4
55,11,5
55,9,4
55,8,4
55,7,5
55,6,4
55,5,5
55,4,4
55,3,4
55,2,5
56,104,4
56,103,4
56,101,4
56,100,4
56,98,5
56,97,5
56,96,5
56,94,5
56,92,5
56,89,5
56,88,5
56,86,5
56,82,4
56,79,4
56,77,4
56,73,4
56,71,4
56,70,5
56,69,5
56,68,5
56,67,5
56,66,5
56,65,5
56,63,5
56,60,5
56,59,4
56,57,4
56,56,5
56,55,5
56,54,5
56,53,5
56,52,4
56,49,5
56,47,4
56,46,4
56,45,4
56,44,4
56,42,4
56,41,5
56,38,4
56,35,5
56,33,4
56,32,4
56,30,4
56,29,5
56,27,4
56,26,4
56,25,5
56,24,4
56,22,5
56,21,4
56,19,4
56,18,4
56,17,5
56,16,4
56,15,4
56,14,5
56,13,4
56,12,4
56,6,5
56,5,4
56,4,4
56,1,4
57,104,4
57,103,4
57,101,4
57,97,4
57,93,5
57,91,4
57,88,4
57,85,4
57,84,5
57,83,5
57,82,5
57,80,4
57,78,4
57,75,4
57,74,4
57,73,4
57,68,4
57,67,5
57,64,5
57,60,4
57,52,5
57,51,5
57,50,4
57,49,4
57,47,4
57,44,4
57,42,4
57,41,4
57,40,4
57,37,4
57,36,5
57,33,4
57,31,4
57,28,4
57,27,5
57,26,4
57,24,5
57,20,4
57,19,4
57,17,5
57,15,5
57,12,5
57,10,5
57,6,5
57,4,4
57,3,4
57,2,4
57,1,4
58,105,4
58,104,4
58,95,4
58,91,4
58,90,4
58,88,4
58,87,4
58,84,4
58,82,5
58,81,4
58,80,4
58,78,4
58,77,4
58,76,4
58,75,4
58,73,4
58,70,4
58,68,5
58,67,4
58,66,5
58,64,5
58,59,5
58,52,5
58,48,4
58,44,5
58,41,4
58,40,4
58,39,4
58,33,5
58,32,4
58,27,4
58,22,4
58,19,4
58,18,4
58,17,5
58,14,5
58,10,4
58,7,4
58,6,5
58,5,4
58,4,4
58,2,4
58,1,4
59,105,4
59,104,4
59,103,4
59,102,4
59,101,4
59,99,5
59,98,4
59,97,5
59,96,4
59,94,5
59,93,4
59,92,5
59,91,5
59,90,4
59,89,5
59,88,4
59,86,4
59,83,4
59,80,4
59,79,4
59,78,4
59,77,4
59,76,4
59,75,4
59,73,5
59,72,4
59,70,5
59,69,5
59,68,5
59,67,5
59,66,5
59,65,5
59,64,5
59,63,4
59,62,4
59,59,5
59,58,4
59,56,4
59,55,5
59,53,4
59,52,5
59,51,5
59,50,4
59,49,5
59,48,5
59,47,4
59,46,4
59,45,5
59,44,5
59,42,5
59,41,4
59,40,4
59,39,5
59,38,4
59,35,4
59,34,5
59,32,4
59,30,4
59,27,4
59,25,5
59,24,4
59,22,4
59,21,5
59,19,4
59,17,4
59,16,5
59,15,5
59,14,4
59,13,4
59,11,5
59,9,4
59,8,5
59,7,5
59,6,4
59,5,4
59,4,4
59,3,4
59,2,5
60,105,5
60,104,4
60,103,4
60,98,4
60,97,5
60,96,5
60,94,4
60,91,4
60,90,4
60,89,4
60,88,5
60,86,4
60,84,4
60,83,5
60,82,4
60,81,5
60,78,4
60,77,5
60,76,4
60,75,5
60,71,4
60,69,5
60,64,5
60,60,5
60,58,5
60,57,5
60,56,4
60,55,5
60,54,4
60,52,5
60,46,5
60,44,4
60,43,4
60,40,4
60,39,4
60,37,5
60,36,4
60,35,5
60,31,4
60,30,5
60,29,4
60,28,4
60,27,5
60,24,5
60,22,5
60,18,5
60,16,5
60,11,4
60,9,5
60,1,4
61,105,5
61,102,4
61,101,5
61,99,4
61,97,5
61,96,4
61,95,5
61,93,4
61,86,5
61,85,4
61,79,5
61,74,5
61,73,4
61,70,4
61,67,4
61,65,5
61,63,4
61,62,5
61,60,4
61,59,4
61,57,4
61,56,5
61,55,4
61,50,4
61,49,4
61,47,4
61,46,5
61,45,4
61,44,4
61,37,4
61,36,4
61,35,4
61,27,5
61,26,4
61,23,5
61,22,4
61,20,4
61,16,5
61,13,5
61,9,4
61,8,5
61,2,5
61,1,5
62,104,5
62,102,4
62,101,5
62,100,4
62,99,4
62,97,4
62,95,5
62,94,4
62,91,4
62,88,4
62,86,5
62,83,4
62,82,4
62,80,4
62,74,4
62,73,5
62,71,4
62,70,4
62,69,2
62,65,5
62,64,5
62,63,4
62,61,5
62,60,4
62,59,5
62,58,4
62,57,5
62,56,4
62,55,5
62,54,5
62,53,5
62,51,5
62,50,5
62,47,5
62,46,5
62,45,5
62,44,4
62,41,4
62,40,5
62,39,4
62,38,5
62,37,4
62,36,4
62,35,5
62,30,4
62,29,5
62,28,5
62,27,4
62,26,4
62,25,5
62,24,5
62,21,4
62,20,5
62,19,5
62,18,5
62,17,5
62,16,5
62,15,4
62,14,4
62,13,5
62,12,4
62,10,5
62,9,4
62,8,4
62,7,5
62,6,4
62,4,4
62,2,4
63,105,4
63,103,5
63,101,4
63,99,2
63,98,2
63,97,2
63,96,4
63,95,4
63,94,4
63,93,5
63,89,5
63,87,4
63,86,5
63,84,5
63,82,4
63,81,4
63,79,4
63,77,2
63,74,4
63,73,5
63,71,5
63,70,4
63,69,4
63,67,4
63,65,5
63,64,4
63,63,4
63,62,5
63,61,4
63,60,4
63,59,4
63,56,4
63,53,4
63,52,4
63,51,4
63,50,5
63,48,2
63,47,5
63,46,5
63,45,4
63,44,4
63,43,5
63,42,4
63,41,2
63,40,4
63,39,4
63,37,5
63,35,5
63,34,2
63,33,2
63,32,4
63,31,5
63,30,4
63,29,4
63,27,4
63,26,4
63,22,4
63,21,4
63,20,4
63,19,4
63,18,5
63,15,4
63,13,4
63,12,4
63,10,5
63,8,2
63,7,4
63,3,5
63,1,4
64,105,4
64,102,4
64,100,4
64,99,4
64,98,4
64,97,4
64,96,4
64,93,5
64,90,4
64,89,5
64,88,4
64,87,5
64,86,5
64,85,4
64,82,4
64,81,2
64,79,4
64,78,4
64,77,4
64,76,2
64,75,5
64,74,5
64,73,4
64,71,4
64,70,5
64,69,4
64,68,5
64,67,4
64,65,5
64,63,4
64,61,4
64,58,5
64,55,4
64,54,5
64,53,4
64,52,4
64,50,5
64,49,5
64,48,4
64,47,4
64,41,5
64,39,4
64,37,5
64,36,5
64,33,2
64,32,4
64,31,2
64,30,4
64,28,4
64,27,5
64,25,4
64,22,2
64,19,4
64,17,4
64,16,4
64,15,4
64,14,5
64,12,5
64,10,4
64,9,5
64,8,4
64,7,4
64,6,4
64,4,4
64,1,4
65,103,5
65,102,4
65,101,4
65,100,2
65,99,4
65,96,2
65,95,5
65,93,2
65,89,2
65,87,4
65,85,4
65,83,5
65,82,4
65,81,4
65,80,4
65,79,4
65,78,4
65,77,4
65,76,4
65,75,5
65,74,4
65,73,5
65,72,4
65,71,5
65,70,4
65,69,4
65,68,4
65,64,4
65,63,4
65,61,4
65,59,4
65,58,5
65,57,5
65,56,4
65,54,4
65,53,5
65,52,5
65,51,2
65,48,5
65,46,5
65,45,4
65,43,5
65,42,4
65,41,4
65,40,4
65,39,4
65,38,5
65,37,4
65,36,5
65,35,4
65,34,4
65,32,2
65,31,4
65,27,4
65,26,5
65,24,4
65,23,5
65,20,5
65,19,2
65,18,5
65,16,4
65,14,2
65,11,5
65,10,2
65,9,4
65,7,2
65,5,5
65,4,4
65,3,5
65,2,4
65,1,4
66,105,5
66,104,4
66,102,4
66,101,4
66,100,4
66,99,4
66,98,4
66,96,4
66,94,5
66,91,4
66,90,4
66,87,4
66,83,5
66,81,2
66,80,4
66,79,5
66,78,4
66,77,4
66,76,5
66,73,5
66,72,4
66,68,4
66,67,4
66,66,5
66,64,5
66,63,4
66,62,4
66,61,5
66,58,4
66,57,5
66,56,2
66,55,5
66,52,5
66,51,4
66,50,4
66,49,4
66,48,2
66,46,5
66,45,4
66,44,5
66,43,4
66,41,4
66,38,4
66,37,2
66,36,2
66,35,5
66,34,4
66,32,2
66,30,4
66,29,4
66,28,2
66,27,4
66,24,5
66,23,4
66,22,4
66,21,4
66,20,2
66,19,4
66,18,5
66,17,5
66,16,5
66,15,4
66,13,4
66,12,5
66,11,2
66,9,4
66,8,5
66,7,5
66,5,4
66,4,4
66,3,5
66,2,4
67,105,5
67,104,4
67,103,5
67,102,4
67,101,4
67,99,4
67,98,4
67,97,4
67,96,5
67,94,4
67,93,5
67,91,4
67,89,4
67,88,4
67,87,4
67,85,5
67,84,5
67,83,5
67,82,4
67,81,5
67,79,5
67,78,4
67,76,5
67,75,4
67,74,4
67,73,5
67,72,4
67,71,4
67,70,4
67,68,4
67,67,5
67,65,4
67,64,4
67,63,4
67,62,4
67,61,4
67,60,5
67,59,4
67,58,4
67,57,4
67,56,5
67,54,5
67,52,4
67,50,5
67,49,5
67,48,5
67,46,4
67,45,4
67,44,4
67,43,5
67,42,4
67,40,4
67,39,5
67,36,4
67,35,5
67,34,4
67,33,5
67,28,4
67,27,4
67,23,4
67,22,4
67,19,4
67,18,5
67,17,4
67,14,5
67,13,4
67,12,4
67,11,4
67,9,5
67,8,4
67,7,4
67,6,5
67,5,4
67,3,4
67,2,4
67,1,4
68,105,5
68,104,4
68,102,3
68,99,4
68,97,4
68,94,4
68,90,4
68,89,4
68,88,4
68,87,5
68,86,4
68,83,5
68,82,5
68,79,4
68,78,4
68,77,4
68,71,4
68,70,3
68,69,4
68,68,5
68,66,4
68,60,4
68,59,4
68,57,4
68,54,4
68,52,4
68,50,5
68,49,3
68,42,4
68,39,3
68,38,5
68,37,3
68,36,4
68,32,4
68,31,4
68,29,4
68,28,4
68,27,5
68,26,4
68,23,4
68,22,5
68,16,5
68,10,5
68,8,5
68,7,4
68,6,4
68,5,4
68,3,3
68,2,5
69,105,5
69,104,5
69,102,3
69,101,5
69,99,3
69,98,5
69,97,3
69,96,4
69,95,4
69,94,5
69,92,4
69,90,4
69,88,4
69,87,4
69,86,3
69,82,4
69,80,4
69,79,4
69,78,4
69,77,4
69,75,5
69,74,3
69,72,5
69,70,4
69,69,3
69,68,5
69,67,4
69,66,5
69,65,4
69,64,5
69,62,4
69,59,4
69,57,4
69,53,4
69,52,4
69,50,4
69,48,4
69,47,3
69,45,4
69,44,4
69,43,3
69,42,4
69,41,3
69,38,4
69,37,4
69,34,5
69,33,5
69,32,4
69,28,4
69,25,4
69,24,5
69,23,4
69,21,3
69,18,3
69,15,3
69,14,4
69,12,3
69,11,5
69,8,3
69,7,4
69,6,4
69,4,5
69,3,5
70,105,4
70,104,4
70,103,5
70,102,4
70,101,4
70,100,4
70,99,3
70,97,5
70,96,5
70,95,3
70,94,4
70,93,5
70,92,4
70,91,4
70,87,5
70,86,4
70,84,4
70,82,4
70,81,4
70,80,4
70,79,5
70,77,4
70,74,5
70,73,5
70,72,5
70,70,4
70,69,4
70,67,4
70,66,4
70,65,4
70,63,5
70,62,4
70,61,4
70,60,4
70,58,4
70,56,3
70,55,4
70,53,4
70,52,4
70,51,5
70,48,5
70,47,5
70,45,3
70,43,4
70,42,4
70,41,4
70,39,5
70,36,4
70,33,4
70,32,4
70,31,4
70,30,4
70,28,4
70,27,4
70,20,5
70,19,3
70,18,4
70,17,4
70,15,4
70,14,4
70,13,4
70,12,5
70,11,3
70,10,4
70,9,4
70,6,5
70,5,4
70,4,4
70,3,4
70,2,3
70,1,4
71,105,5
71,103,4
71,102,4
71,101,4
71,99,4
71,98,4
71,97,4
71,96,4
71,94,3
71,93,4
71,92,5
71,89,5
71,88,3
71,87,4
71,85,4
71,84,5
71,83,4
71,82,4
71,81,5
71,79,4
71,78,5
71,77,4
71,75,3
71,73,4
71,70,4
71,68,4
71,66,4
71,65,3
71,64,4
71,63,4
71,62,5
71,61,5
71,60,4
71,57,3
71,54,4
71,53,5
71,52,4
71,50,4
71,49,4
71,46,4
71,45,4
71,44,5
71,43,3
71,42,4
71,40,4
71,39,5
71,38,5
71,36,5
71,35,3
71,34,4
71,33,4
71,32,5
71,31,3
71,29,5
71,28,5
71,27,4
71,24,3
71,23,5
71,22,4
71,20,4
71,18,4
71,17,5
71,16,4
71,15,5
71,14,5
71,13,3
71,12,3
71,10,4
71,9,4
71,8,3
71,7,4
71,6,4
71,5,3
71,3,4
71,2,4
72,105,5
72,101,4
72,100,5
72,99,5
72,98,4
72,96,5
72,95,3
72,93,5
72,92,4
72,91,4
72,90,4
72,88,4
72,87,5
72,86,4
72,84,4
72,83,5
72,82,4
72,81,5
72,80,4
72,79,4
72,78,5
72,77,4
72,75,4
72,74,4
72,73,4
72,72,5
72,70,4
72,69,5
72,68,4
72,66,5
72,65,5
72,63,4
72,62,4
72,59,3
72,58,5
72,57,4
72,54,3
72,53,4
72,52,5
72,47,4
72,45,4
72,43,5
72,42,3
72,41,4
72,40,4
72,39,4
72,38,4
72,37,5
72,35,4
72,34,5
72,33,3
72,30,3
72,29,4
72,25,4
72,22,5
72,21,3
72,20,4
72,18,5
72,17,3
72,15,4
72,14,5
72,11,4
72,9,3
72,8,5
72,7,4
72,6,4
72,4,4
72,3,4
72,2,4
73,104,5
73,103,5
73,100,4
73,99,4
73,95,4
73,91,3
73,86,5
73,84,4
73,81,3
73,75,3
73,73,4
73,71,4
73,70,4
73,68,4
73,66,4
73,64,5
73,60,3
73,59,3
73,58,4
73,57,4
73,53,5
73,49,4
73,47,3
73,46,4
73,45,3
73,44,4
73,42,5
73,37,4
73,36,5
73,32,4
73,26,5
73,25,5
73,21,4
73,19,4
73,15,4
73,11,5
73,5,3
73,4,4
73,2,3
74,103,4
74,101,4
74,99,5
74,97,4
74,96,5
74,95,3
74,93,5
74,90,5
74,88,5
74,86,5
74,85,4
74,84,4
74,83,4
74,82,5
74,81,4
74,80,3
74,79,4
74,77,5
74,75,4
74,73,4
74,72,5
74,71,4
74,70,4
74,69,4
74,67,4
74,65,4
74,63,5
74,62,4
74,61,4
74,60,3
74,59,4
74,57,4
74,49,4
74,48,4
74,47,5
74,39,4
74,38,4
74,37,5
74,36,3
74,35,4
74,34,5
74,31,3
74,30,4
74,29,4
74,26,5
74,23,4
74,22,3
74,19,4
74,16,5
74,15,4
74,14,3
74,13,5
74,10,4
74,8,5
74,4,4
74,3,4
74,2,5
74,1,4
75,104,4
75,101,4
75,100,4
75,99,4
75,98,4
75,97,4
75,93,4
75,92,5
75,91,3
75,90,3
75,88,4
75,87,4
75,86,4
75,85,5
75,84,4
75,83,4
75,82,5
75,81,3
75,79,5
75,78,5
75,77,4
75,76,3
75,75,4
75,74,5
75,73,5
75,72,4
75,71,5
75,70,4
75,69,5
75,66,4
75,65,3
75,64,5
75,62,3
75,61,5
75,59,4
75,58,3
75,57,3
75,56,4
75,55,5
75,54,5
75,52,4
75,50,4
75,47,3
75,46,3
75,45,3
75,44,4
75,43,4
75,42,4
75,41,4
75,40,3
75,38,3
75,36,4
75,34,3
75,32,4
75,31,5
75,30,4
75,28,5
75,25,4
75,23,4
75,22,5
75,21,5
75,19,5
75,18,4
75,17,5
75,16,3
75,15,4
75,13,4
75,12,3
75,11,5
75,10,4
75,7,4
75,6,4
75,5,4
75,4,3
75,3,4
75,2,4
75,1,4
76,104,5
76,103,4
76,100,4
76,99,3
76,98,4
76,95,4
76,94,4
76,93,5
76,92,4
76,91,4
76,85,4
76,79,5
76,77,3
76,76,5
76,75,3
76,71,4
76,66,3
76,65,4
76,62,4
76,58,5
76,57,3
76,52,4
76,50,5
76,45,5
76,44,3
76,43,5
76,39,4
76,38,4
76,37,4
76,36,4
76,35,5
76,32,4
76,27,4
76,20,4
76,16,4
76,12,4
76,10,3
76,9,5
76,7,5
76,5,4
76,4,4
76,3,4
76,2,4
76,1,4
77,105,5
77,103,5
77,101,4
77,100,4
77,99,5
77,98,4
77,96,4
77,95,4
77,92,3
77,91,4
77,89,4
77,88,3
77,84,4
77,82,3
77,81,4
77,79,4
77,77,3
77,76,3
77,74,4
77,73,3
77,72,4
77,71,5
77,70,4
77,69,4
77,68,4
77,67,4
77,66,5
77,65,4
77,64,4
77,63,4
77,62,4
77,59,4
77,58,4
77,57,5
77,56,3
77,54,4
77,52,4
77,49,3
77,48,3
77,47,5
77,46,4
77,45,4
77,43,4
77,42,3
77,41,4
77,38,3
77,37,4
77,35,5
77,32,4
77,31,5
77,30,4
77,29,4
77,27,4
77,26,5
77,25,5
77,23,5
77,21,5
77,20,4
77,18,3
77,17,5
77,16,4
77,14,5
77,13,4
77,12,4
77,11,4
77,10,4
77,8,4
77,6,4
77,5,5
77,4,4
77,3,5
77,1,3
78,105,5
78,104,5
78,103,4
78,100,4
78,99,5
78,98,5
78,96,4
78,95,5
78,94,5
78,93,4
78,92,4
78,91,3
78,90,4
78,89,5
78,87,3
78,86,4
78,85,4
78,83,5
78,81,4
78,80,5
78,79,5
78,78,5
78,77,5
78,75,3
78,74,5
78,73,5
78,72,4
78,71,3
78,69,4
78,67,4
78,66,5
78,65,4
78,64,4
78,61,4
78,60,3
78,59,4
78,58,3
78,57,5
78,56,4
78,55,5
78,54,4
78,52,4
78,51,4
78,50,4
78,49,3
78,48,5
78,47,4
78,46,4
78,45,5
78,44,3
78,43,4
78,42,4
78,41,3
78,40,4
78,39,3
78,38,5
78,37,4
78,36,4
78,35,5
78,34,4
78,33,4
78,32,5
78,31,3
78,30,4
78,28,4
78,27,4
78,26,5
78,25,4
78,24,3
78,23,4
78,21,5
78,18,5
78,17,4
78,15,3
78,12,4
78,11,3
78,10,5
78,8,5
78,7,3
78,6,4
78,2,4
78,1,5
79,104,3
79,101,5
79,100,4
79,97,3
79,96,4
79,91,5
79,90,4
79,87,4
79,86,4
79,78,5
79,74,5
79,73,5
79,72,5
79,71,4
79,70,4
79,68,4
79,66,3
79,61,4
79,59,3
79,57,4
79,56,4
79,52,4
79,50,5
79,48,4
79,46,4
79,43,4
79,41,4
79,35,4
79,34,4
79,33,3
79,30,4
79,28,4
79,17,4
79,15,4
79,13,5
79,11,4
79,10,4
79,8,4
79,5,4
79,1,4
80,104,4
80,103,5
80,102,5
80,101,4
80,99,5
80,98,4
80,97,5
80,94,5
80,93,5
80,91,4
80,90,4
80,88,4
80,87,3
80,86,3
80,85,5
80,83,4
80,81,4
80,75,5
80,73,4
80,72,5
80,71,5
80,70,4
80,68,3
80,67,4
80,64,4
80,63,4
80,62,3
80,60,4
80,59,3
80,57,3
80,56,3
80,55,4
80,54,4
80,53,4
80,52,5
80,51,5
80,49,5
80,48,4
80,46,4
80,45,5
80,43,5
80,42,4
80,40,5
80,39,5
80,37,5
80,36,4
80,35,4
80,34,4
80,33,4
80,32,5
80,31,5
80,29,4
80,28,5
80,27,5
80,24,4
80,22,4
80,21,5
80,20,5
80,19,4
80,16,3
80,15,5
80,14,5
80,12,4
80,11,5
80,9,5
80,7,4
80,6,4
80,4,5
80,3,4
80,1,5
81,105,4
81,104,5
81,103,3
81,102,4
81,101,4
81,100,3
81,96,4
81,95,5
81,93,5
81,92,4
81,91,4
81,90,4
81,88,4
81,87,4
81,86,4
81,85,4
81,84,5
81,83,5
81,82,4
81,81,3
81,80,4
81,78,3
81,77,4
81,76,4
81,75,5
81,74,4
81,72,5
81,71,3
81,70,5
81,68,4
81,65,5
81,64,4
81,62,4
81,61,4
81,60,5
81,59,3
81,58,4
81,57,4
81,56,4
81,55,5
81,54,4
81,52,4
81,51,4
81,50,4
81,48,4
81,47,4
81,46,5
81,44,4
81,42,4
81,41,3
81,40,3
81,38,5
81,37,4
81,36,4
81,35,4
81,34,4
81,33,5
81,32,4
81,31,4
81,30,4
81,29,4
81,28,4
81,27,4
81,26,4
81,25,4
81,23,4
81,22,3
81,21,3
81,19,5
81,18,5
81,16,5
81,14,3
81,13,4
81,12,3
81,11,4
81,10,3
81,9,3
81,8,5
81,7,5
81,6,5
81,4,4
81,2,3
81,1,3
82,103,5
82,100,3
82,96,3
82,92,3
82,89,3
82,88,3
82,87,3
82,86,4
82,84,4
82,83,3
82,82,5
82,79,4
82,78,5
82,77,4
82,75,3
82,74,3
82,72,5
82,65,3
82,64,3
82,62,4
82,61,4
82,57,4
82,49,3
82,48,4
82,47,4
82,46,4
82,45,5
82,38,4
82,33,5
82,31,3
82,29,4
82,23,3
82,22,4
82,20,5
82,19,4
82,17,3
82,16,5
82,15,4
82,13,3
82,10,4
82,9,5
82,8,4
82,7,4
82,5,4
82,2,5
83,105,3
83,96,4
83,95,3
83,90,4
83,87,4
83,86,4
83,82,5
83,80,4
83,79,4
83,76,4
83,73,5
83,72,5
83,71,3
83,67,4
83,66,4
83,64,4
83,62,3
83,61,5
83,57,5
83,56,4
83,55,3
83,54,3
83,53,3
83,51,3
83,50,5
83,49,4
83,48,4
83,47,4
83,45,4
83,44,4
83,42,4
83,40,5
83,39,3
83,34,4
83,33,4
83,31,4
83,29,4
83,23,4
83,22,3
83,16,3
83,14,4
83,11,5
83,10,3
84,105,4
84,104,5
84,103,5
84,102,3
84,101,3
84,100,5
84,99,4
84,98,5
84,94,4
84,93,4
84,90,4
84,88,5
84,87,5
84,86,4
84,83,4
84,82,4
84,79,4
84,77,4
84,76,4
84,74,5
84,72,4
84,71,5
84,69,3
84,68,5
84,67,3
84,66,4
84,64,4
84,63,5
84,62,5
84,60,3
84,59,5
84,57,4
84,56,4
84,55,5
84,54,3
84,52,5
84,51,5
84,50,4
84,49,4
84,48,3
84,47,5
84,46,5
84,45,4
84,43,3
84,42,5
84,41,4
84,40,4
84,39,4
84,37,4
84,36,5
84,35,3
84,34,3
84,33,3
84,28,4
84,27,4
84,25,3
84,24,4
84,23,4
84,22,5
84,21,5
84,20,4
84,18,5
84,16,5
84,12,5
84,11,3
84,10,3
84,9,5
84,8,4
84,5,4
84,4,5
84,3,4
84,2,5
84,1,5
85,105,5
85,104,4
85,103,5
85,102,5
85,101,4
85,100,4
85,97,5
85,96,4
85,95,4
85,94,5
85,93,5
85,92,4
85,91,3
85,90,4
85,87,5
85,85,5
85,83,5
85,81,4
85,80,4
85,79,4
85,77,4
85,76,3
85,74,4
85,73,4
85,72,5
85,71,5
85,70,4
85,69,4
85,68,4
85,66,3
85,64,5
85,63,3
85,59,5
85,56,4
85,55,3
85,54,4
85,53,3
85,51,4
85,50,4
85,47,4
85,46,4
85,45,4
85,44,3
85,43,5
85,42,5
85,41,4
85,40,4
85,39,5
85,38,5
85,37,5
85,35,4
85,33,3
85,29,5
85,28,4
85,27,4
85,26,4
85,24,4
85,23,3
85,19,4
85,18,5
85,17,4
85,16,5
85,14,5
85,13,5
85,9,4
85,8,4
85,7,4
85,6,4
85,4,5
85,1,4
86,105,4
86,104,4
86,103,4
86,102,5
86,100,5
86,96,3
86,95,5
86,93,4
86,91,4
86,90,4
86,89,4
86,85,4
86,84,5
86,83,5
86,79,3
86,78,4
86,77,4
86,74,3
86,73,5
86,71,5
86,68,4
86,66,4
86,65,4
86,61,3
86,59,4
86,58,3
86,57,4
86,54,5
86,52,4
86,51,4
86,49,3
86,46,4
86,42,3
86,38,4
86,37,3
86,36,4
86,33,5
86,31,4
86,30,4
86,29,4
86,26,4
86,24,4
86,22,4
86,21,4
86,19,5
86,18,4
86,17,4
86,16,5
86,14,4
86,13,4
86,10,5
86,9,5
86,8,4
86,7,3
86,6,4
86,5,4
86,4,5
86,1,5
87,104,5
87,103,3
87,102,3
87,101,4
87,100,4
87,98,5
87,97,4
87,95,3
87,92,3
87,90,5
87,88,4
87,87,5
87,86,5
87,85,3
87,84,4
87,83,5
87,82,3
87,79,5
87,77,5
87,76,4
87,75,4
87,74,4
87,70,5
87,68,5
87,67,3
87,64,4
87,63,3
87,60,4
87,58,3
87,56,3
87,55,3
87,54,3
87,52,5
87,50,3
87,49,4
87,48,3
87,47,5
87,45,5
87,44,4
87,43,4
87,42,4
87,41,4
87,40,4
87,38,4
87,37,4
87,36,4
87,33,5
87,30,4
87,29,3
87,28,4
87,24,5
87,23,4
87,22,4
87,20,4
87,15,4
87,14,5
87,13,3
87,12,3
87,11,4
87,10,3
87,9,4
87,8,4
87,7,4
87,6,5
87,4,4
87,3,3
87,2,4
88,105,3
88,104,3
88,102,5
88,101,5
88,99,4
88,98,5
88,97,3
88,96,4
88,95,4
88,94,5
88,93,4
88,92,5
88,89,3
88,86,5
88,85,5
88,84,5
88,82,4
88,81,3
88,80,3
88,78,5
88,77,5
88,75,5
88,74,4
88,73,4
88,71,4
88,70,4
88,69,5
88,67,5
88,65,5
88,64,4
88,59,4
88,58,5
88,57,3
88,55,5
88,54,4
88,53,4
88,51,5
88,48,4
88,44,5
88,43,3
88,39,4
88,38,5
88,37,3
88,36,4
88,35,3
88,33,5
88,31,5
88,28,3
88,27,5
88,26,3
88,25,4
88,22,5
88,19,5
88,18,5
88,16,5
88,15,5
88,14,4
88,12,3
88,11,5
88,10,5
88,9,5
88,8,4
88,7,4
88,6,4
88,3,4
88,1,4
89,105,4
89,103,4
89,102,5
89,101,5
89,99,5
89,98,4
89,97,4
89,93,5
89,92,4
89,91,4
89,89,5
89,88,5
89,87,4
89,86,4
89,85,4
89,84,5
89,82,3
89,81,3
89,79,4
89,78,5
89,77,5
89,76,5
89,74,5
89,73,3
89,72,3
89,71,5
89,70,4
89,69,3
89,68,4
89,67,5
89,65,4
89,64,4
89,63,4
89,62,5
89,61,4
89,60,3
89,59,4
89,58,3
89,57,3
89,56,4
89,55,4
89,54,3
89,53,4
89,52,4
89,51,5
89,49,4
89,48,3
89,47,4
89,46,3
89,45,4
89,44,3
89,43,3
89,40,4
89,39,3
89,38,4
89,37,4
89,35,4
89,34,4
89,32,5
89,30,3
89,29,4
89,28,4
89,27,4
89,26,4
89,24,4
89,23,3
89,22,4
89,21,4
89,19,3
89,16,5
89,15,5
89,14,4
89,13,4
89,12,3
89,11,4
89,9,4
89,7,3
89,6,4
89,4,4
89,3,3
89,1,4
90,105,5
90,99,4
90,98,4
90,94,5
90,92,4
90,90,5
90,87,5
90,84,4
90,82,4
90,81,5
90,78,4
90,76,5
90,75,4
90,74,4
90,73,4
90,71,4
90,70,5
90,69,4
90,68,4
90,67,4
90,66,4
90,64,4
90,63,5
90,60,4
90,59,5
90,58,4
90,57,4
90,56,5
90,53,4
90,52,4
90,48,4
90,46,5
90,45,4
90,44,4
90,43,4
90,42,4
90,38,4
90,36,4
90,34,5
90,31,5
90,27,4
90,19,4
90,17,4
90,16,4
90,14,4
90,13,5
90,6,4
90,4,5
90,2,4
91,100,5
91,99,4
91,93,4
91,91,4
91,90,5
91,89,4
91,85,4
91,84,5
91,80,4
91,78,4
91,76,5
91,75,4
91,74,4
91,73,4
91,72,4
91,70,5
91,69,4
91,67,4
91,65,4
91,60,4
91,59,4
91,58,5
91,57,5
91,56,4
91,53,4
91,49,4
91,48,4
91,46,5
91,45,5
91,44,5
91,39,4
91,38,5
91,36,5
91,35,4
91,33,4
91,32,5
91,31,4
91,30,4
91,27,5
91,26,4
91,24,5
91,22,4
91,20,4
91,19,4
91,18,4
91,17,4
91,16,4
91,14,5
91,7,4
91,5,4
91,4,4
91,3,5
91,1,4
92,104,4
92,103,4
92,102,5
92,101,5
92,98,5
92,97,4
92,96,4
92,94,4
92,90,5
92,88,4
92,86,4
92,84,4
92,83,4
92,81,5
92,80,4
92,77,4
92,76,4
92,75,4
92,74,4
92,73,4
92,72,4
92,70,4
92,69,4
92,66,4
92,65,4
92,64,4
92,61,4
92,59,4
92,57,4
92,52,4
92,50,4
92,48,4
92,47,4
92,46,4
92,45,4
92,44,4
92,42,4
92,41,4
92,38,4
92,36,4
92,34,4
92,32,4
92,29,4
92,27,4
92,25,4
92,23,4
92,22,4
92,21,5
92,19,5
92,18,4
92,17,4
92,16,5
92,15,5
92,14,4
92,13,4
92,12,4
92,10,4
92,7,4
92,6,4
92,5,4
92,1,5
93,105,4
93,104,4
93,102,4
93,101,4
93,100,4
93,99,5
93,97,4
93,95,4
93,94,5
93,92,4
93,90,4
93,89,4
93,88,4
93,85,4
93,83,4
93,82,4
93,81,4
93,80,4
93,79,4
93,78,5
93,77,5
93,76,4
93,74,5
93,73,4
93,69,5
93,68,5
93,67,4
93,65,4
93,64,4
93,63,4
93,62,5
93,61,4
93,60,4
93,59,4
93,58,4
93,57,4
93,55,5
93,54,5
93,53,5
93,52,5
93,51,4
93,49,4
93,48,5
93,45,5
93,43,4
93,42,4
93,41,4
93,39,4
93,38,4
93,35,5
93,34,4
93,33,4
93,32,5
93,31,5
93,30,4
93,28,5
93,24,5
93,23,4
93,22,5
93,19,4
93,18,4
93,17,4
93,16,4
93,13,5
93,12,5
93,11,4
93,10,4
93,6,4
93,1,4
94,105,4
94,102,4
94,100,5
94,99,5
94,98,5
94,97,4
94,96,5
94,95,4
94,94,5
94,92,4
94,90,4
94,89,4
94,88,4
94,86,4
94,85,4
94,84,4
94,81,4
94,80,4
94,79,4
94,78,4
94,77,4
94,76,5
94,75,4
94,73,5
94,72,4
94,70,4
94,69,5
94,68,4
94,67,5
94,65,4
94,64,4
94,63,4
94,62,4
94,61,5
94,60,4
94,59,4
94,56,4
94,53,5
94,52,5
94,49,4
94,48,4
94,47,4
94,45,4
94,41,4
94,40,4
94,39,4
94,38,5
94,37,5
94,33,4
94,32,4
94,31,4
94,30,4
94,29,4
94,28,5
94,27,4
94,26,4
94,25,4
94,23,4
94,22,4
94,19,4
94,18,5
94,16,4
94,15,4
94,14,4
94,13,4
94,12,5
94,10,4
94,9,4
94,7,4
94,6,4
94,5,5
94,3,4
94,2,4
94,1,4
95,105,5
95,102,4
95,101,4
95,100,5
95,99,4
95,98,4
95,97,4
95,94,4
95,93,4
95,92,4
95,91,5
95,90,5
95,88,5
95,87,4
95,86,4
95,85,4
95,84,4
95,82,4
95,78,4
95,77,4
95,76,5
95,75,4
95,74,4
95,73,4
95,71,4
95,70,4
95,69,5
95,68,4
95,66,4
95,65,5
95,63,4
95,62,5
95,59,5
95,54,5
95,53,5
95,51,4
95,50,5
95,47,4
95,46,4
95,45,4
95,42,5
95,41,4
95,40,4
95,39,5
95,38,4
95,37,5
95,36,4
95,35,4
95,34,5
95,32,4
95,30,4
95,29,4
95,25,4
95,23,4
95,22,5
95,21,5
95,18,4
95,17,4
95,14,4
95,12,4
95,11,4
95,10,4
95,9,4
95,8,5
95,7,4
95,5,4
96,101,4
96,100,4
96,97,4
96,96,4
96,95,5
96,93,4
96,91,5
96,90,4
96,89,5
96,88,4
96,86,4
96,85,4
96,84,5
96,83,4
96,80,4
96,79,4
96,78,5
96,77,4
96,76,4
96,75,4
96,73,4
96,69,5
96,68,4
96,67,5
96,64,5
96,63,4
96,62,4
96,61,4
96,60,4
96,58,4
96,56,4
96,55,5
96,52,5
96,51,4
96,50,4
96,47,4
96,46,4
96,45,5
96,42,4
96,41,5
96,36,4
96,35,4
96,33,5
96,32,4
96,28,5
96,25,4
96,23,4
96,22,4
96,21,4
96,20,5
96,19,4
96,18,4
96,16,4
96,15,5
96,14,5
96,13,4
96,10,4
96,9,5
96,8,4
96,7,4
96,6,4
96,2,4
97,105,4
97,104,4
97,103,5
97,102,4
97,101,4
97,100,5
97,98,4
97,95,5
97,94,4
97,92,4
97,91,5
97,90,4
97,89,4
97,88,4
97,87,4
97,85,5
97,84,4
97,81,4
97,78,4
97,77,4
97,76,4
97,72,5
97,71,5
97,69,4
97,68,5
97,65,4
97,62,4
97,58,4
97,57,5
97,55,4
97,54,4
97,50,5
97,48,5
97,46,4
97,45,4
97,44,4
97,42,4
97,40,4
97,37,4
97,34,5
97,33,4
97,31,4
97,30,5
97,28,4
97,26,4
97,23,5
97,22,4
97,20,4
97,16,4
97,15,4
97,14,4
97,12,4
97,11,4
97,9,4
97,8,4
97,7,4
97,3,4
97,2,5
97,1,5
98,105,4
98,103,5
98,101,5
98,100,4
98,98,4
98,97,4
98,96,4
98,95,5
98,93,4
98,90,4
98,88,4
98,87,4
98,86,4
98,84,5
98,83,5
98,81,4
98,79,5
98,77,5
98,76,4
98,72,5
98,71,4
98,70,5
98,69,4
98,68,4
98,66,5
98,65,4
98,64,4
98,63,5
98,62,4
98,61,5
98,60,5
98,59,4
98,58,4
98,56,4
98,54,4
98,51,5
98,50,4
98,49,4
98,48,4
98,46,4
98,43,4
98,41,4
98,40,4
98,39,4
98,36,4
98,34,5
98,33,4
98,32,4
98,31,4
98,29,4
98,28,4
98,27,4
98,24,5
98,23,4
98,22,4
98,21,5
98,20,4
98,19,5
98,18,4
98,17,5
98,16,4
98,15,4
98,14,4
98,12,5
98,10,4
98,9,4
98,8,4
98,7,4
98,3,5
98,2,4
98,1,4
99,105,5
99,104,5
99,103,5
99,102,5
99,101,4
99,100,5
99,99,4
99,98,4
99,97,5
99,95,5
99,94,4
99,93,4
99,92,4
99,91,4
99,88,2
99,87,4
99,86,4
99,85,4
99,83,2
99,82,5
99,81,4
99,80,4
99,78,5
99,77,4
99,76,4
99,75,4
99,74,4
99,73,4
99,72,2
99,71,5
99,70,4
99,69,4
99,67,4
99,65,5
99,63,4
99,62,4
99,60,4
99,58,4
99,57,5
99,56,5
99,54,4
99,53,2
99,52,2
99,51,4
99,50,4
99,48,5
99,45,4
99,44,4
99,43,4
99,41,4
99,40,5
99,39,2
99,36,5
99,35,4
99,34,4
99,33,4
99,32,5
99,31,4
99,30,5
99,29,5
99,28,4
99,27,4
99,26,4
99,25,4
99,24,4
99,23,4
99,20,4
99,19,4
99,18,4
99,15,2
99,14,5
99,11,4
99,10,5
99,9,4
99,8,5
99,6,5
99,5,5
99,3,4
99,2,4
99,1,4
100,105,2
100,103,5
100,98,2
100,95,2
100,94,5
100,93,5
100,91,4
100,89,4
100,86,2
100,85,4
100,80,4
100,79,4
100,77,4
100,74,4
100,72,4
100,71,4
100,70,5
100,66,5
100,65,4
100,64,5
100,63,2
100,59,4
100,58,4
100,56,5
100,55,2
100,54,2
100,51,5
100,48,5
100,45,2
100,44,5
100,41,2
100,39,2
100,37,4
100,34,4
100,33,2
100,30,4
100,29,4
100,26,2
100,21,4
100,18,5
100,17,5
100,16,4
100,13,4
100,12,4
100,7,4
100,6,5
100,5,2
100,4,5
100,3,5
101,104,5
101,103,4
101,102,2
101,101,3
101,100,5
101,99,5
101,98,3
101,97,4
101,96,5
101,95,4
101,93,3
101,92,4
101,91,4
101,90,4
101,89,5
101,88,5
101,87,5
101,86,4
101,85,4
101,84,3
101,83,5
101,82,3
101,81,3
101,79,3
101,78,5
101,77,5
101,76,4
101,75,3
101,73,5
101,72,5
101,71,5
101,68,2
101,66,4
101,64,4
101,63,3
101,62,4
101,60,4
101,58,4
101,57,5
101,56,5
101,54,5
101,52,5
101,51,4
101,50,4
101,49,5
101,48,4
101,47,5
101,45,5
101,42,5
101,40,4
101,37,4
101,36,5
101,35,5
101,34,5
101,33,5
101,32,4
101,31,4
101,29,5
101,28,4
101,27,5
101,25,4
101,24,4
101,23,4
101,20,5
101,19,2
101,18,5
101,17,4
101,16,4
101,14,4
101,12,2
101,10,4
101,8,4
101,7,5
101,6,4
101,5,5
101,3,5
101,1,4
102,104,2
102,103,4
102,102,4
102,101,3
102,99,3
102,98,5
102,97,5
102,95,3
102,91,5
102,89,3
102,86,5
102,84,5
102,83,2
102,82,4
102,81,5
102,79,3
102,77,2
102,76,5
102,75,3
102,74,3
102,71,3
102,69,3
102,68,2
102,67,5
102,66,5
102,64,5
102,60,4
102,59,5
102,58,4
102,57,2
102,56,4
102,55,4
102,53,5
102,52,4
102,51,3
102,49,5
102,48,5
102,47,4
102,46,5
102,45,4
102,43,3
102,41,5
102,40,5
102,39,3
102,38,4
102,37,5
102,35,4
102,33,4
102,32,4
102,31,3
102,30,5
102,28,4
102,26,3
102,24,2
102,23,3
102,21,3
102,20,4
102,17,4
102,16,4
102,15,5
102,14,5
102,13,5
102,12,5
102,11,4
102,10,5
102,9,5
102,6,3
102,5,5
102,1,4
103,104,4
103,103,4
103,102,2
103,101,3
103,100,4
103,98,3
103,96,3
103,94,3
103,93,3
103,92,5
103,91,5
103,90,4
103,89,3
103,88,3
103,87,5
103,86,5
103,85,5
103,83,3
103,82,5
103,77,2
103,75,5
103,74,4
103,73,4
103,70,4
103,68,5
103,62,3
103,60,5
103,59,2
103,58,4
103,56,3
103,55,4
103,54,5
103,53,2
103,51,2
103,50,3
103,49,4
103,48,3
103,46,4
103,45,3
103,44,4
103,40,4
103,39,3
103,37,3
103,35,3
103,33,3
103,32,3
103,29,4
103,24,3
103,19,4
103,17,3
103,16,2
103,14,5
103,13,5
103,12,4
103,10,3
103,9,5
103,7,2
103,6,4
103,2,3
104,105,4
104,104,4
104,103,3
104,96,3
104,94,4
104,93,4
104,92,5
104,89,5
104,88,4
104,87,3
104,86,5
104,84,3
104,81,5
104,80,4
104,79,3
104,77,3
104,74,5
104,73,5
104,72,5
104,70,5
104,67,4
104,65,4
104,64,3
104,63,3
104,61,4
104,60,4
104,58,4
104,57,5
104,56,4
104,53,5
104,51,4
104,49,5
104,48,3
104,46,5
104,45,5
104,44,3
104,43,4
104,42,5
104,41,5
104,39,4
104,38,3
104,37,5
104,36,5
104,34,3
104,30,3
104,29,3
104,28,5
104,27,5
104,26,5
104,25,4
104,22,5
104,21,3
104,20,3
104,18,5
104,17,5
104,16,3
104,14,3
104,12,3
104,11,3
104,8,3
104,7,4
104,6,3
104,5,5
104,4,5
105,103,5
105,102,5
105,101,4
105,100,5
105,99,5
105,97,3
105,95,4
105,94,5
105,93,4
105,92,5
105,90,3
105,87,3
105,86,4
105,83,4
105,80,3
105,79,3
105,77,4
105,76,3
105,75,4
105,73,5
105,72,4
105,71,4
105,70,3
105,66,3
105,64,5
105,63,4
105,62,4
105,61,3
105,59,3
105,58,5
105,57,4
105,55,5
105,54,4
105,53,4
105,52,3
105,51,5
105,48,4
105,47,5
105,45,3
105,43,4
105,41,3
105,40,4
105,39,4
105,38,4
105,37,5
105,36,3
105,35,4
105,34,5
105,33,4
105,32,4
105,31,4
105,30,4
105,29,5
105,28,3
105,26,3
105,22,5
105,21,5
105,18,5
105,17,3
105,14,5
105,13,3
105,12,5
105,11,3
105,10,5
105,9,4
105,8,3
105,6,5
105,2,4
105,1,4
106,105,4
106,103,4
106,102,5
106,101,4
106,100,3
106,99,4
106,98,5
106,97,5
106,96,4
106,94,4
106,93,5
106,92,4
106,91,4
106,89,3
106,88,4
106,87,4
106,85,3
106,84,4
106,83,4
106,82,4
106,81,3
106,80,5
106,79,5
106,78,5
106,77,5
106,76,3
106,75,4
106,74,3
106,73,3
106,72,4
106,71,4
106,70,4
106,69,3
106,67,3
106,66,4
106,63,5
106,62,4
106,61,3
106,60,5
106,58,4
106,56,5
106,55,5
106,54,3
106,53,3
106,52,3
106,51,5
106,50,5
106,49,3
106,45,5
106,44,5
106,43,5
106,41,3
106,40,4
106,39,5
106,38,5
106,37,5
106,36,3
106,33,4
106,32,5
106,29,5
106,27,4
106,26,5
106,25,5
106,23,3
106,22,5
106,21,4
106,20,5
106,15,3
106,14,3
106,13,5
106,12,5
106,11,4
106,10,4
106,9,4
106,8,5
106,7,5
106,5,3
106,4,4
106,3,3
106,1,4
107,105,3
107,103,3
107,102,5
107,99,5
107,98,5
107,97,5
107,96,5
107,95,5
107,94,5
107,93,3
107,92,4
107,91,4
107,90,3
107,87,4
107,86,3
107,85,3
107,84,4
107,83,4
107,82,4
107,80,5
107,79,3
107,78,4
107,75,4
107,74,5
107,73,3
107,72,5
107,71,5
107,70,5
107,69,3
107,68,5
107,67,3
107,66,4
107,65,3
107,64,4
107,63,4
107,62,3
107,61,5
107,58,5
107,57,3
107,56,5
107,55,3
107,54,3
107,53,3
107,52,3
107,50,5
107,49,4
107,48,4
107,47,3
107,46,3
107,44,3
107,43,4
107,42,3
107,41,3
107,40,4
107,39,5
107,38,3
107,34,3
107,32,4
107,31,3
107,30,5
107,29,5
107,28,5
107,25,3
107,24,3
107,23,5
107,22,3
107,21,4
107,20,3
107,19,4
107,18,3
107,16,3
107,15,3
107,14,3
107,13,4
107,12,5
107,11,3
107,9,5
107,6,3
107,5,3
107,4,3
107,1,3
108,105,5
108,104,4
108,103,5
108,102,5
108,99,3
108,97,4
108,96,3
108,95,4
108,93,5
108,92,5
108,91,3
108,90,4
108,89,3
108,88,4
108,87,4
108,86,3
108,85,5
108,84,3
108,83,4
108,81,5
108,80,4
108,78,4
108,76,4
108,74,4
108,73,4
108,71,5
108,69,3
108,68,3
108,67,4
108,64,4
108,62,4
108,61,5
108,60,4
108,58,5
108,57,5
108,55,4
108,54,4
108,52,3
108,50,4
108,46,3
108,45,3
108,44,5
108,43,3
108,42,4
108,41,3
108,39,5
108,38,4
108,37,4
108,35,4
108,32,3
108,31,4
108,29,5
108,28,5
108,27,5
108,26,4
108,25,5
108,24,5
108,23,4
108,21,3
108,20,5
108,19,5
108,18,5
108,17,5
108,16,4
108,15,3
108,14,5
108,12,3
108,11,3
108,10,4
108,8,3
108,7,3
108,6,5
108,4,4
108,3,5
108,2,5
108,1,3
109,104,5
109,103,5
109,96,4
109,95,3
109,92,5
109,90,3
109,89,3
109,86,3
109,84,5
109,80,3
109,74,5
109,72,5
109,71,5
109,67,3
109,66,5
109,61,5
109,58,4
109,57,3
109,56,4
109,52,3
109,48,3
109,45,3
109,44,3
109,43,4
109,39,4
109,38,5
109,36,3
109,35,5
109,33,5
109,32,3
109,29,4
109,28,3
109,27,3
109,25,5
109,23,3
109,22,5
109,16,5
109,12,3
109,11,4
109,10,3
109,7,5
110,105,3
110,100,3
110,99,3
110,98,3
110,97,3
110,96,3
110,93,3
110,91,3
110,90,4
110,86,4
110,83,3
110,82,3
110,81,5
110,79,4
110,78,3
110,76,3
110,75,3
110,73,3
110,71,5
110,67,3
110,66,3
110,65,3
110,64,4
110,62,4
110,61,3
110,56,4
110,53,5
110,51,3
110,47,3
110,44,3
110,43,4
110,42,5
110,39,4
110,37,5
110,33,3
110,31,3
110,30,3
110,28,4
110,27,3
110,25,4
110,19,5
110,14,4
110,10,3
110,9,5
110,7,3
110,6,5
110,4,3
110,3,3
110,2,4
110,1,5
111,105,5
111,104,4
111,102,4
111,101,5
111,100,3
111,99,3
111,98,4
111,96,4
111,95,3
111,94,4
111,93,4
111,87,5
111,84,3
111,83,3
111,82,4
111,80,3
111,77,4
111,76,4
111,75,4
111,74,5
111,73,5
111,72,5
111,71,4
111,68,3
111,66,5
111,65,5
111,64,4
111,63,5
111,61,5
111,60,4
111,59,3
111,58,3
111,57,4
111,56,5
111,54,4
111,53,5
111,52,5
111,51,4
111,50,3
111,49,5
111,48,3
111,47,4
111,46,3
111,45,4
111,43,4
111,42,4
111,41,3
111,40,4
111,39,5
111,38,3
111,37,5
111,36,4
111,35,5
111,34,4
111,33,3
111,32,5
111,31,4
111,30,4
111,27,5
111,22,4
111,21,4
111,19,5
111,18,4
111,16,3
111,14,3
111,13,5
111,11,5
111,8,5
111,7,3
111,6,4
111,5,4
111,4,4
111,3,3
111,2,3
111,1,5
112,104,4
112,102,3
112,101,3
112,100,3
112,97,4
112,96,3
112,95,3
112,92,5
112,91,3
112,90,3
112,87,4
112,86,3
112,82,3
112,80,3
112,74,3
112,72,3
112,69,3
112,67,3
112,65,5
112,64,3
112,62,5
112,59,5
112,57,5
112,56,3
112,55,4
112,53,3
112,51,3
112,50,3
112,47,3
112,45,3
112,44,3
112,42,3
112,41,3
112,40,3
112,39,4
112,36,3
112,34,3
112,30,3
112,26,5
112,25,3
112,23,5
112,22,5
112,19,3
112,18,3
112,16,5
112,14,4
112,13,4
112,12,3
112,11,3
112,10,4
112,9,3
112,8,3
112,3,4
112,2,3
112,1,4
113,103,5
113,102,4
113,101,3
113,100,3
113,99,3
113,98,5
113,97,3
113,96,5
113,95,5
113,94,5
113,93,3
113,92,3
113,90,4
113,89,5
113,88,4
113,87,3
113,85,3
113,83,5
113,82,4
113,81,4
113,79,5
113,78,4
113,76,3
113,75,5
113,71,3
113,70,4
113,68,3
113,67,4
113,65,3
113,64,4
113,62,5
113,61,5
113,60,5
113,59,4
113,56,3
113,55,5
113,54,5
113,53,4
113,50,5
113,49,4
113,47,3
113,45,3
113,44,3
113,42,3
113,41,4
113,39,4
113,38,4
113,37,3
113,36,4
113,34,3
113,33,5
113,32,3
113,29,4
113,27,3
113,25,3
113,24,4
113,22,5
113,21,3
113,18,5
113,17,3
113,16,3
113,15,5
113,11,3
113,9,4
113,8,3
113,6,5
113,4,3
113,2,4
113,1,4
114,105,5
114,104,4
114,103,3
114,101,5
114,100,5
114,97,3
114,94,3
114,93,3
114,92,3
114,91,3
114,90,3
114,88,4
114,84,4
114,83,3
114,82,5
114,77,5
114,75,5
114,74,3
114,73,4
114,72,4
114,69,5
114,68,5
114,67,3
114,66,3
114,65,3
114,63,5
114,61,4
114,60,3
114,59,4
114,58,5
114,57,5
114,56,4
114,55,3
114,54,4
114,52,4
114,48,4
114,47,3
114,45,4
114,44,5
114,43,3
114,42,3
114,39,4
114,37,5
114,36,4
114,35,4
114,34,3
114,33,5
114,32,5
114,30,3
114,29,4
114,27,4
114,26,3
114,25,3
114,24,5
114,23,4
114,22,4
114,21,5
114,20,4
114,19,3
114,18,4
114,17,5
114,16,3
114,15,5
114,14,3
114,12,3
114,10,3
114,7,5
114,5,5
114,3,3
114,2,4
114,1,4
115,105,5
115,102,5
115,100,5
115,99,5
115,98,5
115,95,4
115,94,4
115,93,5
115,92,5
115,91,5
115,90,4
115,89,4
115,88,5
115,86,5
115,85,4
115,82,5
115,81,5
115,80,5
115,79,4
115,78,5
115,76,4
115,75,5
115,74,5
115,72,5
115,71,4
115,70,5
115,68,4
115,65,4
115,61,5
115,59,5
115,58,4
115,54,4
115,53,5
115,52,5
115,51,4
115,49,4
115,45,5
115,43,4
115,42,5
115,41,5
115,39,5
115,38,5
115,37,5
115,36,4
115,35,5
115,34,4
115,33,4
115,31,5
115,30,5
115,26,5
115,25,4
115,24,5
115,21,5
115,20,4
115,19,4
115,18,5
115,17,5
115,16,5
115,14,4
115,13,4
115,12,4
115,11,4
115,9,5
115,7,5
115,3,5
115,2,5
115,1,5
116,105,5
116,101,4
116,100,4
116,99,5
116,98,5
116,96,5
116,94,5
116,91,5
116,90,4
116,89,5
116,88,4
116,85,5
116,84,5
116,83,5
116,82,5
116,81,4
116,78,5
116,74,5
116,73,5
116,70,4
116,69,5
116,68,5
116,65,5
116,64,4
116,63,5
116,61,5
116,60,5
116,58,4
116,56,5
116,54,5
116,53,5
116,52,5
116,50,5
116,49,5
116,48,5
116,47,4
116,46,5
116,43,5
116,39,5
116,38,4
116,37,4
116,36,5
116,35,4
116,33,5
116,32,5
116,31,4
116,30,5
116,28,5
116,23,5
116,20,5
116,19,5
116,18,4
116,17,4
116,16,5
116,15,5
116,14,4
116,13,5
116,11,5
116,10,5
116,9,5
116,8,4
116,7,5
116,5,5
116,1,5
117,102,5
117,101,5
117,100,5
117,97,5
117,96,5
117,94,4
117,93,4
117,92,5
117,91,4
117,90,5
117,89,5
117,87,5
117,84,4
117,83,5
117,82,5
117,81,5
117,80,4
117,75,5
117,74,5
117,72,5
117,71,4
117,69,5
117,68,5
117,65,4
117,62,5
117,58,5
117,57,4
117,55,5
117,53,5
117,52,5
117,51,5
117,50,5
117,48,5
117,47,5
117,46,4
117,44,5
117,42,4
117,38,5
117,37,5
117,29,5
117,28,4
117,26,5
117,22,5
117,21,4
117,18,5
117,14,4
117,13,5
117,12,5
117,11,5
117,10,5
117,9,4
117,8,5
117,7,5
117,5,5
117,3,5
117,2,4
117,1,5
118,105,5
118,104,5
118,103,5
118,102,5
118,101,5
118,100,5
118,98,5
118,97,5
118,96,4
118,94,5
118,93,5
118,91,5
118,89,5
118,85,5
118,84,5
118,81,5
118,78,5
118,76,4
118,75,5
118,74,5
118,72,4
118,70,5
118,69,5
118,68,4
118,67,5
118,65,5
118,64,5
118,62,5
118,61,5
118,58,5
118,55,5
118,54,5
118,53,5
118,52,5
118,50,5
118,49,5
118,48,5
118,47,5
118,46,5
118,44,4
118,43,5
118,40,5
118,39,5
118,37,5
118,36,5
118,35,5
118,33,4
118,32,5
118,30,5
118,25,5
118,21,4
118,20,5
118,17,5
118,16,5
118,15,5
118,14,5
118,11,4
118,10,5
118,8,4
118,7,4
118,6,4
118,5,5
118,1,5
119,104,5
119,101,4
119,99,5
119,98,4
119,95,5
119,94,5
119,93,4
119,92,5
119,91,5
119,90,5
119,88,5
119,87,5
119,84,5
119,83,5
119,82,5
119,81,4
119,79,5
119,78,4
119,75,5
119,74,5
119,73,4
119,72,5
119,67,5
119,66,4
119,62,5
119,61,5
119,59,5
119,58,5
119,56,4
119,55,5
119,53,4
119,49,5
119,48,5
119,47,4
119,45,5
119,43,5
119,42,5
119,41,4
119,39,5
119,38,5
119,37,4
119,36,4
119,35,5
119,33,5
119,32,4
119,31,5
119,29,4
119,28,4
119,27,5
119,26,5
119,25,5
119,23,5
119,22,5
119,20,5
119,19,4
119,15,5
119,14,5
119,11,4
119,10,4
119,8,5
119,7,4
119,6,5
119,5,5
119,4,5
119,2,5
120,104,5
120,103,5
120,101,5
120,100,5
120,99,5
120,98,4
120,96,5
120,95,5
120,93,5
120,92,5
120,91,4
120,84,5
120,83,5
120,82,5
120,81,5
120,79,5
120,77,5
120,74,4
120,72,5
120,69,5
120,68,4
120,67,5
120,65,4
120,64,5
120,63,5
120,62,5
120,61,5
120,58,5
120,56,5
120,55,5
120,51,5
120,48,4
120,46,5
120,42,5
120,39,5
120,38,5
120,36,4
120,34,4
120,31,4
120,30,5
120,29,4
120,28,4
120,24,4
120,22,5
120,21,4
120,20,4
120,19,5
120,17,5
120,16,4
120,14,4
120,13,5
120,12,4
120,9,5
120,8,4
120,7,5
120,6,5
120,5,5
120,4,5
120,3,5
120,2,5
120,1,5
121,100,4
121,99,5
121,98,4
121,96,5
121,95,5
121,91,4
121,86,5
121,84,5
121,81,4
121,80,5
121,78,5
121,77,5
121,75,5
121,74,4
121,73,4
121,72,5
121,69,5
121,67,5
121,66,5
121,62,5
121,61,5
121,60,5
121,55,4
121,52,4
121,51,5
121,49,5
121,47,4
121,46,5
121,44,4
121,42,5
121,41,5
121,40,5
121,38,5
121,32,5
121,31,5
121,30,5
121,28,5
121,26,5
121,25,5
121,23,5
121,21,4
121,19,5
121,18,5
121,16,5
121,11,5
121,7,4
121,4,5
121,3,5
122,105,4
122,104,5
122,103,5
122,98,5
122,97,5
122,96,5
122,91,5
122,90,5
122,88,5
122,80,5
122,79,5
122,78,5
122,74,4
122,71,5
122,69,5
122,67,5
122,63,5
122,62,5
122,61,5
122,58,4
122,55,4
122,53,5
122,50,5
122,49,5
122,45,5
122,40,5
122,38,5
122,37,5
122,33,4
122,31,5
122,26,5
122,25,5
122,24,5
122,23,4
122,20,4
122,18,4
122,12,5
122,9,5
122,8,5
122,7,5
122,6,5
122,4,5
122,3,5
122,1,5
123,105,5
123,104,4
123,103,4
123,102,5
123,101,5
123,99,4
123,98,5
123,97,5
123,95,5
123,94,4
123,89,5
123,88,5
123,86,5
123,85,5
123,84,5
123,83,5
123,81,4
123,80,5
123,78,5
123,77,4
123,74,4
123,73,5
123,72,4
123,70,5
123,67,5
123,66,5
123,65,5
123,64,5
123,61,5
123,51,5
123,47,5
123,46,5
123,45,5
123,42,5
123,41,5
123,39,5
123,38,5
123,36,5
123,35,5
123,34,5
123,31,5
123,30,5
123,27,4
123,23,5
123,22,5
123,21,5
123,16,5
123,14,5
123,11,5
123,9,5
123,8,5
123,7,5
123,6,5
123,2,5
123,1,5
124,103,5
124,100,5
124,99,5
124,96,5
124,95,5
124,89,5
124,87,5
124,86,5
124,85,5
124,84,4
124,83,5
124,82,5
124,78,5
124,77,4
124,74,5
124,73,5
124,72,5
124,67,5
124,66,5
124,65,5
124,64,5
124,59,5
124,51,4
124,50,4
124,49,5
124,48,5
124,47,5
124,44,5
124,41,4
124,40,5
124,39,5
124,38,5
124,36,5
124,34,5
124,28,5
124,27,5
124,23,5
124,22,5
124,21,5
124,19,5
124,18,5
124,14,4
124,11,5
124,10,4
124,8,5
124,7,4
124,6,5
124,4,5
125,105,4
125,104,5
125,103,5
125,102,5
125,101,5
125,100,4
125,99,5
125,98,5
125,96,5
125,95,5
125,94,5
125,93,5
125,92,5
125,91,4
125,90,5
125,89,5
125,88,4
125,87,5
125,86,4
125,85,4
125,83,5
125,82,4
125,81,4
125,80,5
125,79,5
125,78,4
125,76,5
125,75,5
125,74,5
125,73,4
125,72,5
125,70,5
125,68,5
125,67,5
125,66,4
125,65,4
125,63,5
125,61,4
125,58,5
125,57,5
125,56,5
125,55,5
125,53,4
125,52,5
125,51,5
125,50,5
125,48,5
125,47,4
125,43,4
125,41,5
125,40,5
125,36,5
125,34,5
125,33,4
125,32,4
125,30,5
125,29,5
125,26,5
125,25,4
125,24,5
125,23,5
125,22,4
125,21,5
125,20,5
125,19,4
125,18,4
125,15,5
125,14,5
125,13,4
125,8,5
125,6,4
125,5,5
125,4,5
125,3,5
126,105,5
126,104,5
126,103,4
126,101,5
126,100,5
126,99,5
126,97,5
126,96,5
126,95,5
126,94,4
126,93,5
126,92,4
126,91,5
126,90,4
126,86,5
126,84,5
126,83,5
126,82,5
126,81,5
126,79,4
126,78,5
126,77,4
126,75,4
126,74,4
126,73,5
126,72,5
126,70,5
126,68,4
126,67,5
126,66,5
126,63,5
126,62,5
126,61,5
126,59,4
126,58,5
126,57,5
126,56,5
126,54,5
126,52,4
126,50,5
126,49,4
126,48,4
126,45,4
126,44,5
126,43,5
126,41,4
126,40,5
126,39,4
126,36,5
126,34,5
126,32,4
126,29,5
126,28,5
126,27,4
126,24,4
126,23,5
126,21,4
126,20,5
126,19,4
126,16,4
126,15,5
126,14,4
126,13,5
126,12,4
126,11,5
126,8,4
126,7,5
126,5,4
126,4,5
126,2,4
127,105,3
127,104,3
127,103,4
127,100,4
127,98,3
127,97,3
127,95,5
127,93,3
127,92,5
127,91,4
127,90,5
127,89,3
127,88,3
127,87,4
127,86,5
127,85,4
127,83,3
127,82,4
127,81,5
127,80,5
127,79,5
127,77,3
127,76,4
127,72,3
127,71,5
127,70,5
127,69,3
127,67,4
127,65,5
127,64,5
127,61,5
127,60,5
127,58,4
127,56,4
127,55,5
127,54,3
127,53,5
127,52,3
127,50,3
127,49,5
127,47,5
127,45,4
127,44,5
127,43,5
127,42,3
127,40,5
127,38,5
127,33,5
127,32,4
127,31,5
127,30,5
127,27,4
127,26,3
127,25,4
127,24,4
127,21,3
127,17,5
127,16,5
127,15,5
127,14,4
127,12,5
127,11,5
127,10,3
127,8,3
127,7,4
127,6,4
127,4,4
127,3,4
127,2,3
128,104,5
128,101,5
128,99,5
128,98,4
128,97,4
128,96,4
128,95,5
128,94,5
128,92,5
128,91,2
128,90,5
128,88,4
128,87,5
128,86,4
128,85,5
128,84,5
128,83,5
128,82,5
128,81,4
128,80,5
128,76,1
128,75,4
128,74,1
128,73,3
128,71,3
128,70,3
128,68,3
128,67,4
128,65,5
128,64,5
128,62,5
128,59,5
128,58,4
128,57,4
128,56,3
128,52,3
128,51,5
128,50,4
128,46,3
128,45,5
128,44,4
128,43,3
128,42,4
128,40,5
128,38,5
128,37,3
128,36,4
128,34,3
128,33,3
128,32,5
128,30,4
128,27,3
128,26,4
128,25,1
128,24,5
128,23,4
128,22,3
128,21,5
128,18,5
128,17,4
128,16,5
128,14,3
128,12,4
128,10,4
128,9,4
128,7,4
128,6,4
128,5,4
128,4,5
129,102,5
129,99,5
129,98,5
129,97,4
129,96,5
129,95,2
129,94,5
129,93,4
129,92,5
129,89,5
129,85,2
129,84,5
129,83,5
129,82,2
129,81,5
129,78,5
129,76,4
129,74,5
129,73,5
129,72,4
129,71,5
129,69,5
129,68,5
129,67,4
129,66,4
129,64,5
129,55,5
129,52,4
129,50,5
129,48,4
129,45,5
129,44,5
129,42,5
129,39,5
129,34,4
129,32,5
129,30,5
129,29,4
129,27,2
129,26,5
129,24,4
129,21,5
129,18,4
129,13,5
129,11,5
129,9,5
129,8,5
129,6,5
129,1,4
130,105,5
130,104,5
130,102,5
130,101,2
130,100,5
130,98,5
130,97,4
130,95,2
130,94,5
130,93,2
130,92,5
130,91,4
130,90,4
130,89,4
130,88,5
130,86,5
130,85,2
130,84,5
130,82,5
130,81,5
130,79,4
130,77,5
130,75,5
130,73,4
130,71,5
130,70,5
130,68,4
130,67,4
130,65,5
130,64,5
130,62,5
130,61,4
130,59,4
130,58,5
130,57,5
130,56,4
130,55,4
130,54,4
130,53,5
130,52,4
130,51,5
130,50,2
130,49,4
130,48,4
130,47,5
130,44,5
130,43,4
130,42,5
130,41,2
130,40,5
130,39,2
130,38,4
130,37,4
130,36,4
130,35,5
130,34,5
130,33,5
130,32,5
130,31,4
130,30,5
130,29,2
130,27,4
130,25,5
130,24,4
130,22,5
130,21,5
130,19,4
130,18,4
130,17,5
130,16,5
130,15,5
130,14,4
130,13,2
130,12,2
130,11,4
130,10,4
130,8,4
130,7,2
130,3,5
130,2,4
130,1,5
131,105,4
131,103,2
131,102,2
131,100,5
131,99,5
131,96,5
131,95,5
131,94,4
131,93,5
131,92,4
131,91,2
131,90,4
131,89,5
131,87,5
131,86,4
131,85,4
131,84,5
131,77,4
131,76,4
131,75,5
131,74,4
131,69,5
131,68,4
131,67,5
131,65,4
131,64,5
131,63,5
131,62,5
131,61,5
131,60,5
131,59,4
131,58,5
131,57,2
131,56,2
131,55,5
131,52,5
131,51,4
131,49,5
131,48,5
131,45,2
131,43,4
131,42,5
131,41,4
131,40,2
131,39,4
131,38,5
131,37,5
131,36,4
131,35,4
131,34,5
131,33,5
131,32,4
131,30,5
131,28,4
131,26,4
131,24,5
131,23,4
131,21,5
131,20,4
131,19,5
131,18,5
131,17,5
131,16,4
131,15,5
131,14,5
131,13,5
131,12,5
131,11,5
131,10,5
131,9,2
131,6,5
131,5,4
131,4,5
131,3,4
131,1,5
132,105,4
132,104,5
132,103,2
132,102,5
132,101,5
132,97,4
132,96,5
132,95,5
132,93,5
132,92,5
132,91,2
132,90,2
132,89,5
132,88,4
132,87,4
132,85,2
132,84,5
132,78,4
132,77,4
132,75,4
132,74,5
132,73,2
132,70,4
132,68,5
132,67,5
132,65,2
132,64,4
132,63,2
132,62,2
132,61,2
132,60,5
132,59,5
132,58,5
132,57,5
132,55,5
132,53,2
132,51,4
132,50,5
132,49,5
132,48,5
132,46,5
132,45,5
132,44,2
132,43,5
132,42,4
132,40,5
132,36,4
132,35,5
132,33,4
132,32,5
132,31,2
132,30,5
132,27,5
132,25,5
132,23,5
132,22,2
132,20,2
132,18,5
132,17,5
132,16,5
132,15,5
132,14,5
132,13,5
132,12,4
132,9,4
132,7,5
132,6,2
132,4,5
132,3,5
132,1,4
133,103,4
133,102,5
133,100,5
133,99,4
133,98,5
133,94,4
133,93,4
133,91,5
133,90,5
133,89,4
133,87,4
133,86,5
133,85,2
133,84,2
133,79,5
133,78,4
133,77,5
133,74,5
133,72,4
133,68,5
133,67,5
133,66,5
133,65,5
133,63,4
133,62,2
133,59,4
133,57,5
133,56,5
133,55,5
133,52,2
133,51,2
133,50,2
133,49,5
133,45,5
133,44,5
133,42,5
133,41,4
133,39,5
133,35,4
133,34,5
133,33,4
133,32,4
133,30,4
133,29,5
133,28,5
133,27,4
133,25,5
133,22,5
133,21,5
133,20,4
133,19,4
133,18,2
133,17,5
133,16,4
133,15,5
133,12,4
133,11,4
133,9,5
133,8,2
133,6,2
133,5,5
133,4,4
133,3,4
133,2,5
133,1,4
134,105,5
134,104,5
134,101,4
134,100,2
134,98,2
134,97,5
134,96,4
134,95,5
134,91,5
134,88,5
134,85,5
134,83,4
134,80,5
134,79,5
134,77,5
134,75,2
134,73,2
134,72,4
134,71,4
134,69,2
134,68,2
134,65,2
134,63,5
134,62,5
134,59,5
134,58,5
134,57,5
134,54,5
134,53,4
134,51,5
134,50,4
134,49,5
134,48,5
134,47,5
134,46,5
134,44,2
134,43,2
134,37,2
134,36,5
134,35,5
134,34,4
134,32,5
134,30,4
134,29,2
134,28,5
134,26,4
134,25,5
134,24,4
134,23,5
134,22,5
134,21,2
134,19,5
134,16,4
134,14,5
134,13,4
134,10,5
134,9,4
134,8,5
134,4,2
134,1,5
135,101,5
135,100,5
135,99,5
135,98,5
135,97,5
135,96,4
135,95,2
135,93,4
135,91,2
135,90,5
135,89,5
135,84,5
135,72,4
135,71,2
135,70,4
135,69,5
135,68,4
135,64,2
135,60,5
135,55,5
135,54,5
135,53,5
135,50,5
135,47,4
135,45,5
135,44,5
135,43,5
135,42,5
135,41,2
135,38,5
135,36,5
135,35,2
135,34,4
135,33,5
135,29,5
135,28,5
135,26,2
135,24,5
135,23,4
135,22,5
135,19,4
135,18,4
135,13,2
135,12,5
135,10,2
135,9,5
135,5,2
135,4,5
135,3,5
136,105,2
136,104,5
136,103,5
136,102,4
136,101,4
136,99,5
136,98,5
136,97,4
136,93,5
136,92,5
136,91,4
136,90,5
136,88,4
136,86,2
136,85,4
136,84,2
136,83,5
136,82,5
136,81,5
136,80,5
136,78,4
136,74,5
136,72,5
136,71,4
136,70,2
136,68,2
136,66,2
136,65,5
136,64,5
136,63,5
136,62,5
136,61,5
136,60,4
136,59,2
136,58,5
136,55,4
136,53,5
136,51,5
136,49,5
136,43,5
136,42,4
136,41,4
136,40,5
136,39,5
136,38,4
136,37,4
136,35,5
136,34,5
136,33,2
136,32,4
136,29,5
136,27,4
136,25,4
136,24,5
136,21,4
136,20,5
136,19,5
136,17,5
136,14,4
136,13,2
136,12,5
136,10,5
136,9,5
136,8,2
136,7,5
136,6,4
136,5,2
137,104,1
137,101,1
137,98,2
137,96,5
137,93,2
137,91,2
137,90,2
137,89,5
137,86,5
137,85,4
137,75,5
137,74,5
137,73,5
137,70,4
137,67,4
137,64,4
137,62,2
137,61,1
137,59,5
137,55,2
137,54,5
137,53,4
137,52,4
137,50,4
137,46,5
137,40,2
137,37,1
137,33,2
137,31,1
137,30,2
137,29,4
137,27,2
137,26,5
137,25,2
137,24,1
137,22,5
137,21,1
137,20,1
137,19,4
137,14,5
137,13,5
137,7,4
137,6,5
137,2,5
138,105,5
138,103,5
138,102,4
138,100,4
138,98,5
138,97,5
138,96,4
138,94,4
138,93,5
138,92,4
138,91,5
138,90,5
138,89,2
138,87,1
138,84,4
138,81,5
138,80,4
138,79,4
138,78,5
138,77,5
138,76,4
138,75,1
138,73,4
138,72,4
138,71,4
138,70,1
138,69,4
138,68,5
138,66,5
138,65,5
138,64,4
138,60,1
138,57,4
138,55,5
138,54,5
138,51,4
138,50,5
138,49,5
138,47,2
138,46,5
138,44,5
138,43,4
138,42,5
138,40,4
138,35,5
138,34,5
138,33,4
138,32,4
138,29,5
138,27,5
138,24,1
138,22,4
138,21,5
138,20,1
138,19,5
138,17,4
138,16,2
138,15,5
138,14,5
138,13,2
138,12,5
138,11,4
138,10,4
138,8,2
138,7,5
138,6,5
138,5,4
138,4,5
138,3,4
138,1,5
139,105,5
139,103,5
139,102,5
139,99,5
139,98,5
139,97,2
139,95,4
139,94,2
139,93,5
139,91,5
139,90,5
139,89,4
139,87,2
139,86,5
139,85,1
139,84,4
139,83,4
139,82,5
139,79,1
139,78,4
139,77,4
139,76,5
139,75,5
139,74,5
139,73,1
139,70,4
139,69,2
139,68,2
139,67,5
139,64,4
139,63,1
139,58,1
139,57,4
139,53,1
139,52,4
139,51,5
139,50,5
139,49,1
139,48,5
139,47,5
139,46,4
139,45,5
139,43,4
139,42,4
139,40,5
139,38,5
139,36,5
139,35,4
139,34,5
139,33,5
139,30,4
139,29,5
139,28,5
139,26,1
139,25,5
139,24,4
139,22,2
139,21,4
139,19,4
139,18,1
139,17,4
139,13,4
139,11,5
139,7,2
139,5,4
139,4,5
139,3,1
139,2,4
139,1,5
140,105,5
140,103,1
140,102,5
140,100,1
140,98,5
140,97,1
140,94,5
140,93,5
140,92,4
140,89,5
140,86,5
140,85,2
140,84,5
140,80,5
140,79,4
140,78,4
140,76,4
140,75,5
140,74,4
140,73,4
140,71,1
140,70,4
140,65,2
140,64,5
140,63,4
140,61,2
140,59,4
140,58,5
140,56,2
140,55,5
140,54,1
140,53,1
140,52,1
140,50,1
140,49,5
140,48,5
140,47,1
140,45,4
140,44,5
140,42,5
140,40,2
140,39,2
140,38,4
140,35,4
140,33,2
140,32,5
140,31,5
140,29,5
140,28,4
140,25,5
140,24,5
140,23,2
140,21,5
140,20,5
140,19,4
140,18,4
140,16,4
140,15,4
140,11,4
140,10,2
140,9,4
140,7,4
140,6,4
140,5,4
140,4,4
140,3,5
140,2,5
140,1,4
141,105,1
141,104,5
141,101,4
141,98,1
141,93,5
141,92,4
141,87,5
141,83,4
141,81,1
141,80,5
141,78,5
141,76,1
141,73,4
141,72,4
141,64,1
141,61,5
141,60,4
141,56,5
141,50,5
141,46,4
141,45,1
141,44,4
141,41,5
141,40,5
141,39,4
141,37,5
141,35,5
141,33,4
141,31,1
141,28,5
141,27,5
141,24,1
141,21,4
141,19,1
141,16,4
141,10,4
141,9,5
141,8,4
141,6,2
141,3,5
141,2,5
142,105,1
142,104,4
142,103,4
142,102,5
142,101,1
142,100,4
142,99,5
142,98,5
142,96,5
142,95,5
142,94,5
142,92,5
142,91,4
142,90,1
142,89,5
142,87,5
142,83,1
142,82,5
142,81,5
142,79,4
142,77,5
142,76,1
142,75,5
142,74,5
142,71,4
142,70,5
142,67,4
142,65,4
142,64,5
142,62,5
142,60,1
142,59,5
142,58,5
142,57,4
142,56,4
142,55,4
142,53,4
142,49,5
142,48,5
142,47,5
142,46,5
142,45,5
142,44,1
142,43,4
142,42,4
142,41,5
142,40,5
142,39,4
142,38,5
142,37,5
142,35,5
142,33,5
142,31,5
142,26,1
142,24,4
142,23,5
142,22,5
142,21,5
142,20,5
142,18,5
142,16,4
142,15,4
142,14,5
142,13,4
142,12,4
142,11,5
142,9,1
142,8,1
142,7,1
142,6,4
142,2,5
142,1,1
143,105,5
143,104,5
143,103,4
143,102,4
143,101,5
143,100,4
143,99,5
143,96,4
143,94,4
143,93,4
143,91,5
143,90,4
143,88,4
143,85,4
143,84,5
143,83,5
143,80,1
143,78,5
143,77,5
143,75,5
143,74,5
143,73,4
143,72,5
143,71,5
143,70,5
143,69,4
143,68,4
143,67,5
143,65,5
143,63,5
143,62,4
143,60,4
143,58,1
143,56,1
143,52,4
143,51,5
143,49,4
143,48,4
143,46,1
143,45,5
143,44,1
143,43,5
143,40,4
143,39,4
143,38,5
143,37,5
143,36,4
143,35,5
143,34,4
143,33,4
143,32,5
143,30,5
143,29,4
143,28,5
143,27,5
143,26,4
143,24,5
143,23,4
143,22,5
143,21,1
143,20,4
143,19,5
143,18,5
143,17,5
143,16,5
143,14,5
143,13,5
143,12,1
143,11,5
143,10,5
143,8,5
143,7,1
143,6,4
143,5,5
143,4,4
143,2,4
143,1,4
144,105,5
144,104,5
144,103,5
144,100,1
144,99,4
144,98,1
144,97,4
144,96,5
144,95,4
144,94,4
144,93,5
144,90,1
144,89,4
144,88,5
144,87,4
144,86,5
144,85,4
144,84,4
144,83,5
144,82,4
144,81,5
144,79,4
144,77,5
144,76,4
144,75,1
144,74,1
144,72,5
144,71,1
144,70,5
144,69,4
144,68,5
144,66,4
144,64,4
144,63,4
144,62,5
144,61,1
144,60,5
144,59,4
144,58,5
144,57,4
144,56,5
144,55,5
144,54,5
144,53,5
144,52,5
144,51,5
144,50,5
144,49,4
144,47,5
144,46,4
144,45,5
144,43,5
144,42,1
144,41,1
144,40,5
144,39,5
144,38,5
144,36,5
144,35,5
144,34,4
144,33,5
144,32,4
144,31,4
144,30,4
144,29,4
144,28,5
144,24,4
144,22,4
144,20,1
144,19,4
144,17,5
144,16,5
144,15,5
144,14,5
144,13,4
144,12,5
144,11,4
144,10,4
144,9,4
144,6,5
144,5,5
144,4,4
144,3,5
144,2,4
144,1,4
145,105,5
145,102,5
145,101,4
145,99,4
145,97,5
145,96,1
145,85,5
145,83,5
145,82,5
145,80,5
145,79,4
145,78,5
145,77,5
145,75,5
145,74,1
145,73,5
145,69,5
145,66,1
145,65,5
145,64,5
145,63,5
145,61,4
145,59,5
145,58,5
145,57,1
145,56,5
145,55,5
145,53,5
145,52,5
145,51,1
145,50,5
145,47,5
145,45,5
145,44,5
145,43,5
145,42,4
145,41,5
145,40,5
145,39,5
145,38,5
145,36,5
145,35,5
145,34,4
145,32,4
145,31,4
145,30,1
145,29,5
145,27,5
145,24,5
145,21,5
145,20,1
145,19,5
145,18,1
145,17,5
145,16,5
145,15,5
145,14,4
145,10,5
145,9,4
145,6,4
145,5,4
145,4,5
145,3,5
145,2,5
145,1,5
146,105,5
146,103,1
146,102,1
146,101,5
146,100,1
146,99,1
146,97,1
146,94,4
146,91,5
146,90,5
146,89,5
146,88,4
146,87,5
146,85,4
146,75,5
146,74,5
146,73,5
146,69,4
146,68,5
146,67,4
146,63,1
146,62,5
146,60,1
146,58,4
146,57,5
146,55,4
146,53,5
146,51,1
146,50,5
146,48,4
146,47,5
146,46,5
146,45,4
146,43,4
146,37,4
146,36,1
146,35,5
146,34,4
146,32,4
146,30,4
146,27,5
146,26,5
146,23,4
146,22,5
146,21,1
146,16,5
146,14,5
146,13,5
146,10,4
146,9,5
146,7,4
146,5,5
146,4,5
146,3,5
146,2,5
146,1,5
147,105,4
147,102,4
147,100,5
147,99,4
147,98,4
147,97,5
147,96,4
147,95,4
147,94,4
147,92,4
147,91,5
147,87,5
147,86,4
147,85,1
147,84,5
147,83,4
147,82,4
147,81,4
147,80,5
147,79,5
147,78,4
147,77,5
147,76,5
147,75,5
147,74,1
147,73,5
147,72,5
147,71,1
147,67,1
147,66,5
147,65,5
147,64,5
147,63,5
147,62,4
147,61,4
147,60,4
147,59,5
147,58,5
147,57,5
147,55,5
147,54,4
147,53,5
147,52,5
147,51,1
147,50,5
147,49,5
147,48,4
147,47,5
147,46,5
147,45,5
147,44,1
147,43,1
147,42,5
147,41,5
147,40,5
147,39,5
147,38,5
147,37,4
147,36,5
147,33,5
147,31,5
147,30,5
147,28,5
147,27,5
147,26,5
147,25,5
147,23,5
147,22,5
147,21,5
147,20,5
147,17,5
147,16,1
147,15,5
147,13,5
147,10,1
147,8,5
147,7,5
147,5,5
147,4,5
147,3,5
147,2,5
147,1,4
148,103,4
148,101,5
148,97,5
148,96,4
148,95,4
148,94,4
148,93,4
148,92,5
148,91,4
148,89,5
148,88,5
148,87,5
148,85,4
148,84,4
148,81,5
148,80,5
148,79,4
148,78,5
148,77,4
148,75,4
148,74,4
148,73,4
148,72,5
148,71,4
148,67,5
148,64,5
148,62,4
148,61,5
148,60,4
148,58,4
148,57,4
148,54,5
148,53,5
148,52,5
148,51,5
148,50,5
148,48,4
148,47,4
148,46,5
148,45,5
148,44,5
148,42,5
148,41,5
148,39,5
148,38,4
148,37,5
148,36,5
148,35,5
148,34,5
148,33,5
148,31,4
148,29,4
148,26,5
148,25,5
148,23,5
148,21,5
148,19,5
148,18,5
148,17,5
148,15,5
148,14,5
148,12,4
148,10,4
148,8,4
148,7,5
148,6,4
148,5,4
148,4,4
148,2,4
148,1,5
149,105,5
149,104,4
149,103,5
149,102,4
149,95,5
149,91,4
149,90,4
149,89,4
149,88,4
149,85,5
149,82,5
149,80,5
149,77,5
149,76,5
149,75,5
149,74,5
149,68,4
149,67,4
149,65,4
149,64,5
149,63,4
149,62,5
149,61,4
149,60,4
149,59,4
149,57,5
149,53,5
149,52,5
149,49,5
149,48,4
149,42,5
149,36,4
149,34,4
149,29,5
149,28,4
149,27,5
149,25,4
149,24,5
149,22,5
149,21,5
149,19,5
149,18,5
149,17,5
149,16,5
149,15,5
149,13,5
149,12,5
149,11,5
149,10,5
149,8,5
149,4,4
149,1,4
150,104,5
150,101,5
150,98,4
150,97,5
150,92,4
150,91,5
150,86,5
150,81,4
150,79,5
150,78,5
150,76,5
150,70,4
150,68,5
150,67,5
150,66,5
150,65,4
150,63,5
150,61,5
150,58,5
150,55,5
150,52,5
150,51,4
150,50,5
150,49,5
150,48,5
150,46,4
150,45,5
150,39,4
150,37,5
150,36,5
150,35,4
150,32,5
150,28,4
150,23,5
150,22,5
150,21,4
150,17,5
150,15,5
150,14,4
150,11,4
150,10,5
150,9,5
150,4,5
150,2,4
151,105,5
151,104,5
151,103,4
151,101,5
151,100,5
151,99,4
151,98,4
151,97,5
151,96,5
151,94,4
151,93,5
151,92,4
151,91,4
151,90,4
151,88,5
151,87,4
151,86,4
151,84,5
151,81,4
151,80,4
151,79,5
151,76,4
151,75,5
151,74,4
151,73,4
151,72,5
151,70,5
151,68,4
151,67,4
151,66,5
151,65,5
151,64,5
151,63,5
151,62,5
151,61,4
151,59,5
151,58,5
151,57,4
151,56,5
151,55,4
151,54,5
151,53,4
151,52,4
151,50,5
151,48,5
151,46,5
151,45,5
151,44,5
151,43,5
151,42,4
151,39,5
151,38,4
151,37,5
151,36,5
151,35,4
151,34,5
151,33,5
151,32,4
151,31,5
151,30,5
151,28,5
151,25,5
151,24,5
151,22,4
151,20,5
151,18,4
151,17,5
151,16,4
151,14,5
151,12,5
151,11,4
151,10,4
151,9,5
151,8,4
151,7,5
151,4,5
151,3,4
151,1,5
152,104,5
152,102,4
152,100,4
152,99,5
152,98,5
152,97,5
152,96,5
152,95,5
152,94,5
152,93,5
152,92,5
152,90,5
152,88,5
152,83,4
152,81,4
152,80,5
152,79,5
152,77,4
152,76,5
152,75,4
152,73,5
152,71,4
152,70,5
152,69,5
152,68,4
152,66,5
152,65,5
152,64,5
152,63,5
152,60,4
152,59,5
152,58,5
152,55,4
152,54,4
152,53,4
152,52,4
152,51,5
152,48,5
152,46,5
152,45,4
152,44,5
152,43,5
152,42,5
152,41,4
152,39,5
152,38,5
152,35,4
152,34,4
152,33,4
152,29,4
152,27,5
152,26,4
152,25,5
152,24,5
152,23,4
152,22,5
152,21,5
152,20,4
152,19,4
152,18,5
152,17,5
152,16,5
152,15,4
152,14,4
152,12,4
152,10,5
152,9,5
152,8,4
152,6,5
152,5,5
152,4,5
152,2,4
152,1,5
153,105,4
153,103,4
153,100,4
153,99,5
153,96,4
153,95,4
153,92,5
153,91,4
153,90,4
153,89,5
153,88,4
153,87,5
153,86,5
153,85,5
153,84,5
153,81,4
153,80,5
153,79,4
153,78,4
153,77,4
153,76,5
153,72,4
153,70,4
153,69,5
153,68,4
153,67,5
153,66,4
153,65,5
153,64,4
153,63,4
153,62,5
153,61,5
153,59,5
153,58,5
153,56,4
153,54,5
153,53,4
153,52,4
153,51,4
153,50,5
153,49,4
153,48,5
153,47,4
153,46,4
153,45,5
153,44,5
153,42,4
153,41,4
153,40,5
153,39,5
153,38,4
153,37,4
153,36,4
153,35,5
153,34,4
153,33,5
153,30,5
153,29,5
153,28,5
153,26,4
153,25,4
153,24,5
153,23,5
153,22,5
153,21,5
153,20,5
153,19,5
153,18,4
153,17,5
153,15,4
153,14,4
153,13,5
153,12,5
153,10,5
153,9,4
153,8,5
153,7,5
153,6,5
153,5,5
153,4,4
153,3,5
153,2,5
153,1,5
154,105,5
154,104,5
154,103,5
154,100,5
154,99,4
154,97,5
154,96,5
154,92,5
154,90,5
154,89,5
154,88,5
154,86,5
154,84,4
154,77,4
154,76,5
154,75,5
154,71,5
154,70,4
154,68,5
154,62,4
154,61,5
154,56,4
154,53,5
154,38,5
154,35,5
154,34,4
154,32,5
154,31,5
154,29,5
154,28,4
154,25,5
154,22,5
154,21,5
154,20,4
154,19,5
154,18,5
154,17,5
154,16,5
154,15,4
154,12,5
154,11,5
154,10,4
154,8,5
154,7,5
154,6,5
154,1,4
155,105,4
155,103,5
155,102,5
155,101,4
155,100,4
155,99,4
155,95,4
155,93,4
155,92,4
155,91,5
155,89,4
155,88,5
155,87,4
155,84,5
155,83,5
155,82,4
155,79,4
155,78,5
155,76,5
155,75,4
155,72,5
155,71,5
155,70,4
155,67,5
155,65,4
155,64,5
155,63,5
155,62,5
155,61,4
155,57,5
155,56,4
155,54,4
155,51,5
155,48,5
155,47,5
155,44,5
155,43,5
155,42,4
155,41,5
155,40,5
155,39,5
155,38,4
155,36,4
155,35,5
155,34,5
155,33,5
155,32,5
155,30,5
155,26,5
155,25,5
155,24,5
155,21,5
155,20,4
155,19,4
155,17,4
155,15,5
155,13,5
155,12,5
155,11,5
155,10,5
155,9,4
155,8,4
155,7,4
155,6,4
155,5,4
155,4,4
155,3,4
155,2,5
156,105,5
156,101,5
156,100,5
156,99,4
156,97,5
156,96,4
156,95,5
156,94,4
156,93,5
156,91,5
156,87,5
156,84,4
156,82,5
156,80,4
156,78,5
156,76,4
156,75,4
156,71,5
156,69,4
156,68,4
156,67,4
156,63,4
156,60,5
156,59,5
156,58,5
156,56,5
156,54,4
156,53,5
156,51,5
156,48,4
156,46,4
156,45,5
156,44,4
156,43,5
156,42,5
156,37,4
156,35,4
156,34,4
156,32,4
156,31,5
156,27,5
156,26,4
156,25,5
156,24,5
156,23,5
156,22,4
156,21,4
156,20,5
156,13,5
156,12,5
156,11,5
156,10,4
156,8,4
156,7,5
156,6,4
156,5,4
156,4,5
156,3,5
157,104,1
157,103,1
157,102,5
157,100,5
157,99,5
157,95,4
157,94,5
157,89,5
157,86,5
157,85,4
157,83,4
157,81,4
157,80,5
157,78,4
157,77,4
157,76,5
157,75,5
157,73,5
157,72,5
157,69,5
157,68,4
157,65,4
157,63,4
157,62,5
157,61,5
157,57,5
157,56,5
157,55,5
157,54,1
157,53,4
157,52,4
157,51,5
157,49,5
157,46,4
157,45,5
157,44,4
157,43,4
157,42,1
157,41,5
157,40,4
157,38,5
157,37,5
157,36,4
157,34,5
157,32,5
157,30,5
157,28,5
157,27,4
157,24,5
157,23,4
157,20,5
157,19,1
157,18,5
157,16,4
157,13,5
157,12,1
157,10,5
157,9,5
157,8,4
157,7,1
157,5,5
157,4,5
157,3,4
158,105,1
158,104,4
158,103,4
158,102,1
158,101,5
158,100,4
158,99,1
158,98,4
158,96,5
158,95,1
158,94,5
158,93,5
158,92,1
158,90,5
158,88,1
158,86,5
158,85,4
158,81,4
158,80,5
158,79,5
158,78,1
158,77,5
158,74,5
158,72,1
158,71,5
158,70,5
158,69,4
158,67,5
158,66,5
158,65,4
158,64,4
158,63,1
158,60,4
158,59,5
158,58,5
158,57,1
158,55,5
158,54,5
158,53,5
158,52,4
158,51,5
158,50,4
158,49,5
158,48,5
158,47,1
158,45,5
158,44,1
158,43,1
158,42,1
158,41,4
158,40,5
158,38,4
158,37,4
158,36,5
158,34,1
158,33,1
158,32,4
158,31,5
158,29,5
158,27,4
158,24,4
158,23,5
158,20,5
158,18,5
158,17,5
158,16,4
158,15,5
158,14,5
158,12,5
158,11,5
158,10,4
158,8,5
158,7,1
158,6,4
158,5,5
158,4,5
158,3,5
159,103,4
159,101,4
159,100,5
159,96,4
159,95,5
159,93,5
159,92,4
159,90,5
159,89,5
159,88,4
159,87,4
159,86,5
159,84,4
159,83,4
159,81,4
159,77,5
159,75,5
159,74,4
159,73,4
159,72,4
159,70,5
159,68,5
159,64,5
159,63,4
159,61,5
159,60,5
159,59,4
159,56,4
159,55,4
159,54,4
159,53,5
159,52,5
159,43,5
159,42,4
159,40,4
159,38,5
159,37,5
159,32,4
159,31,4
159,29,4
159,27,5
159,26,5
159,25,4
159,22,4
159,21,1
159,20,4
159,19,4
159,18,4
159,17,4
159,13,5
159,5,4
159,4,5
159,3,5
159,2,1
160,105,4
160,104,5
160,102,4
160,101,4
160,100,5
160,96,4
160,95,4
160,93,4
160,92,5
160,91,4
160,86,4
160,85,5
160,84,4
160,81,4
160,80,4
160,79,4
160,77,5
160,76,5
160,75,5
160,74,5
160,73,5
160,71,4
160,68,4
160,67,4
160,65,5
160,64,4
160,63,5
160,62,5
160,56,4
160,55,4
160,54,4
160,53,5
160,47,5
160,46,5
160,45,4
160,42,5
160,41,5
160,38,5
160,36,5
160,35,4
160,34,4
160,30,4
160,28,5
160,27,5
160,24,5
160,23,4
160,22,5
160,21,5
160,16,4
160,15,5
160,13,5
160,12,4
160,11,4
160,10,5
160,9,4
160,7,5
160,6,5
160,4,5
160,2,5
160,1,5
161,105,4
161,102,5
161,100,4
161,98,4
161,97,3
161,96,4
161,95,4
161,94,4
161,93,3
161,92,4
161,91,4
161,90,4
161,88,5
161,87,4
161,85,4
161,84,5
161,83,4
161,82,5
161,79,4
161,78,4
161,77,3
161,75,5
161,74,5
161,73,5
161,72,4
161,68,5
161,66,5
161,65,4
161,64,5
161,63,5
161,62,5
161,60,5
161,59,4
161,57,4
161,55,4
161,54,5
161,52,5
161,49,4
161,48,5
161,46,4
161,45,5
161,44,4
161,41,4
161,39,4
161,38,4
161,36,4
161,35,5
161,34,5
161,32,4
161,29,4
161,28,5
161,27,4
161,26,5
161,20,5
161,19,4
161,18,5
161,15,5
161,14,5
161,8,5
161,7,4
161,5,4
161,4,5
161,3,5
161,1,5
162,104,5
162,101,4
162,96,3
162,93,3
162,92,1
162,91,5
162,90,3
162,89,1
162,88,5
162,84,1
162,83,4
162,81,4
162,79,5
162,76,4
162,75,4
162,73,1
162,67,5
162,66,1
162,65,5
162,63,4
162,62,5
162,59,4
162,58,5
162,57,4
162,55,4
162,54,4
162,53,5
162,47,5
162,46,4
162,42,5
162,41,5
162,39,4
162,38,4
162,37,5
162,36,5
162,31,5
162,26,3
162,21,4
162,20,4
162,17,4
162,16,5
162,12,4
162,10,5
162,8,4
162,7,5
162,6,5
162,5,5
162,1,4
163,103,3
163,102,5
163,100,5
163,99,4
163,96,5
163,94,4
163,93,3
163,92,5
163,87,5
163,86,5
163,85,5
163,82,3
163,80,5
163,79,3
163,75,5
163,73,3
163,71,3
163,66,4
163,62,3
163,59,3
163,58,4
163,57,5
163,56,4
163,54,4
163,53,5
163,52,4
163,49,4
163,48,5
163,46,4
163,44,4
163,42,5
163,40,4
163,37,4
163,34,4
163,31,5
163,29,3
163,28,5
163,25,4
163,24,5
163,23,4
163,18,5
163,17,4
163,16,5
163,14,4
163,13,4
163,12,4
163,11,4
163,9,5
163,6,3
163,4,3
163,2,5
164,102,5
164,98,5
164,95,4
164,93,4
164,91,3
164,89,3
164,86,4
164,85,5
164,83,5
164,82,3
164,79,4
164,75,5
164,74,3
164,72,5
164,68,5
164,66,3
164,64,5
164,61,5
164,59,3
164,54,3
164,53,3
164,52,5
164,51,3
164,50,3
164,49,4
164,46,5
164,44,4
164,41,5
164,40,3
164,39,4
164,37,5
164,34,5
164,33,4
164,30,4
164,26,4
164,22,5
164,18,5
164,16,3
164,13,5
164,3,5
164,1,5
165,104,5
165,102,3
165,101,4
165,100,5
165,99,5
165,98,5
165,97,4
165,95,5
165,94,3
165,92,3
165,90,4
165,89,3
165,88,5
165,87,5
165,86,5
165,84,3
165,82,5
165,81,3
165,80,5
165,79,5
165,78,5
165,77,3
165,76,5
165,74,3
165,72,4
165,71,5
165,70,5
165,69,4
165,68,5
165,67,3
165,66,5
165,65,5
165,64,5
165,60,5
165,59,5
165,58,4
165,56,4
165,54,4
165,52,5
165,51,5
165,45,4
165,44,4
165,43,5
165,42,5
165,41,5
165,40,5
165,38,5
165,37,4
165,36,4
165,35,4
165,34,3
165,33,3
165,31,5
165,29,4
165,28,4
165,27,4
165,26,3
165,25,4
165,24,3
165,23,4
165,20,5
165,19,3
165,18,5
165,17,4
165,16,4
165,15,4
165,13,4
165,12,4
165,11,3
165,9,5
165,8,5
165,6,4
165,5,5
165,3,4
165,2,3
165,1,4
166,105,5
166,103,4
166,102,3
166,101,5
166,100,4
166,96,4
166,93,3
166,92,4
166,91,5
166,89,5
166,88,4
166,87,5
166,86,5
166,85,5
166,84,3
166,82,3
166,80,5
166,79,5
166,78,5
166,77,3
166,76,3
166,75,5
166,74,5
166,73,4
166,72,4
166,70,5
166,66,5
166,64,3
166,62,5
166,61,5
166,60,3
166,59,4
166,56,3
166,55,3
166,54,3
166,52,5
166,51,3
166,50,5
166,47,5
166,46,5
166,45,3
166,44,3
166,42,3
166,40,5
166,38,3
166,37,5
166,35,4
166,33,3
166,32,5
166,30,3
166,29,5
166,28,5
166,27,4
166,26,3
166,25,5
166,24,3
166,22,5
166,20,5
166,19,4
166,18,5
166,16,5
166,14,5
166,12,5
166,11,3
166,8,5
166,5,5
166,4,4
166,3,5
166,1,4
167,105,4
167,104,3
167,103,3
167,102,5
167,101,5
167,100,4
167,99,4
167,98,3
167,97,5
167,95,5
167,94,4
167,93,3
167,92,5
167,91,4
167,89,5
167,87,3
167,86,4
167,85,3
167,83,5
167,82,3
167,81,3
167,80,3
167,79,4
167,78,5
167,77,4
167,76,3
167,74,5
167,72,5
167,71,5
167,70,3
167,69,4
167,68,5
167,67,5
167,66,5
167,65,5
167,64,5
167,63,5
167,62,3
167,61,4
167,59,4
167,58,3
167,57,3
167,56,5
167,54,4
167,53,3
167,52,5
167,51,4
167,50,5
167,49,5
167,47,4
167,46,3
167,45,3
167,44,4
167,43,3
167,41,3
167,39,3
167,38,3
167,37,4
167,36,3
167,35,4
167,34,5
167,33,5
167,32,5
167,31,4
167,30,5
167,29,4
167,28,3
167,26,3
167,25,4
167,23,5
167,22,4
167,21,5
167,20,3
167,19,3
167,18,3
167,16,4
167,15,5
167,14,3
167,13,3
167,12,3
167,10,3
167,9,4
167,8,3
167,7,5
167,6,3
167,5,3
167,4,5
167,3,5
167,2,4
168,105,3
168,101,3
168,100,3
168,96,4
168,94,5
168,92,4
168,91,4
168,89,3
168,88,5
168,87,3
168,85,5
168,84,5
168,81,3
168,80,4
168,79,5
168,78,4
168,75,5
168,73,4
168,72,4
168,71,4
168,70,4
168,68,3
168,67,4
168,61,4
168,58,4
168,56,4
168,53,5
168,52,4
168,51,5
168,50,4
168,47,5
168,46,4
168,43,5
168,41,5
168,40,5
168,39,4
168,37,4
168,36,3
168,35,5
168,34,5
168,33,5
168,32,3
168,29,4
168,28,3
168,26,5
168,25,5
168,23,4
168,19,4
168,18,5
168,13,4
168,11,4
168,10,3
168,9,4
168,8,3
168,6,3
168,5,5
168,2,5
169,105,4
169,104,3
169,103,4
169,102,3
169,99,5
169,98,3
169,96,3
169,94,3
169,93,5
169,92,3
169,91,4
169,90,4
169,89,5
169,85,5
169,83,5
169,82,5
169,78,1
169,76,1
169,75,5
169,74,4
169,73,5
169,72,1
169,71,1
169,67,4
169,65,4
169,64,5
169,63,5
169,62,4
169,60,3
169,59,5
169,58,4
169,55,4
169,53,4
169,50,4
169,47,1
169,46,4
169,45,3
169,44,5
169,43,3
169,42,5
169,41,5
169,40,5
169,35,3
169,33,4
169,32,4
169,30,3
169,28,4
169,27,5
169,26,3
169,24,4
169,23,5
169,22,5
169,21,5
169,18,5
169,16,5
169,15,5
169,14,4
169,13,4
169,12,5
169,11,4
169,10,5
169,9,4
169,8,5
169,7,4
169,4,4
169,3,3
170,105,4
170,103,5
170,102,1
170,100,5
170,99,4
170,98,5
170,97,5
170,95,5
170,94,4
170,93,4
170,92,5
170,91,4
170,90,5
170,89,3
170,87,5
170,85,5
170,82,3
170,81,1
170,80,5
170,79,4
170,78,5
170,76,4
170,75,4
170,74,5
170,73,5
170,72,4
170,70,5
170,69,5
170,68,4
170,65,1
170,63,3
170,62,5
170,60,5
170,59,4
170,58,5
170,55,5
170,53,4
170,52,4
170,51,1
170,50,5
170,47,4
170,46,5
170,45,5
170,44,3
170,42,4
170,41,4
170,39,1
170,38,4
170,37,5
170,36,5
170,35,4
170,34,5
170,33,5
170,31,3
170,30,5
170,28,1
170,27,5
170,25,4
170,24,5
170,23,3
170,22,3
170,21,5
170,20,1
170,18,5
170,13,5
170,12,5
170,10,4
170,7,4
170,6,5
170,4,5
170,3,4
170,1,5
171,105,1
171,103,3
171,101,5
171,99,3
171,98,5
171,92,5
171,90,3
171,89,3
171,88,3
171,87,5
171,85,1
171,84,1
171,83,5
171,81,5
171,80,3
171,79,5
171,77,5
171,76,1
171,75,1
171,70,3
171,69,5
171,67,5
171,65,3
171,63,5
171,62,5
171,60,5
171,59,5
171,56,1
171,49,5
171,48,5
171,46,1
171,45,1
171,43,5
171,42,3
171,40,1
171,39,5
171,36,1
171,35,4
171,34,4
171,26,3
171,24,1
171,23,1
171,22,4
171,21,4
171,19,1
171,18,5
171,17,5
171,16,5
171,15,1
171,14,1
171,13,5
171,11,4
171,10,5
171,9,5
171,8,5
171,6,1
171,5,3
171,2,5
171,1,5
172,105,1
172,104,4
172,103,5
172,102,5
172,101,1
172,100,5
172,99,5
172,98,5
172,97,3
172,91,4
172,89,4
172,87,5
172,86,5
172,84,3
172,83,1
172,80,4
172,77,1
172,76,4
172,75,4
172,74,3
172,72,1
172,71,4
172,70,4
172,69,1
172,68,5
172,65,4
172,63,5
172,60,3
172,59,3
172,57,1
172,56,4
172,54,4
172,53,4
172,52,5
172,50,4
172,49,3
172,47,4
172,46,1
172,45,5
172,42,5
172,41,1
172,38,3
172,37,3
172,36,3
172,34,4
172,32,5
172,31,3
172,30,3
172,29,5
172,28,5
172,25,4
172,24,1
172,23,4
172,19,1
172,18,5
172,16,5
172,12,4
172,10,1
172,8,3
172,7,4
172,3,4
172,2,4
172,1,1
173,105,4
173,102,1
173,101,3
173,100,5
173,98,1
173,95,1
173,94,5
173,92,5
173,83,4
173,82,5
173,80,1
173,78,5
173,76,1
173,75,3
173,73,1
173,72,5
173,70,5
173,67,5
173,62,3
173,59,3
173,58,4
173,57,5
173,56,5
173,55,5
173,53,3
173,52,5
173,49,4
173,48,4
173,47,1
173,46,4
173,45,5
173,44,4
173,43,3
173,42,5
173,40,1
173,39,3
173,38,5
173,37,5
173,36,3
173,34,3
173,33,5
173,26,4
173,25,1
173,24,4
173,23,1
173,16,3
173,13,5
173,12,4
173,11,1
173,10,4
173,4,4
173,1,1
174,105,5
174,104,4
174,103,4
174,102,5
174,100,5
174,99,5
174,97,4
174,96,4
174,95,4
174,92,4
174,91,4
174,90,5
174,89,4
174,87,5
174,86,3
174,85,5
174,82,5
174,81,4
174,79,3
174,77,3
174,76,5
174,75,5
174,74,5
174,72,4
174,71,4
174,69,3
174,68,3
174,67,5
174,65,3
174,64,1
174,63,5
174,62,4
174,60,4
174,59,5
174,58,4
174,57,1
174,56,4
174,55,5
174,54,4
174,52,5
174,50,5
174,49,5
174,48,3
174,47,5
174,46,4
174,43,5
174,42,1
174,40,1
174,39,4
174,38,4
174,36,5
174,34,1
174,31,1
174,30,4
174,27,5
174,25,5
174,23,5
174,22,4
174,20,4
174,19,5
174,18,4
174,17,5
174,15,5
174,13,3
174,12,5
174,11,4
174,10,5
174,9,4
174,7,4
174,5,5
174,3,1
174,2,1
174,1,5
175,105,4
175,103,5
175,101,5
175,99,5
175,93,4
175,92,4
175,90,3
175,89,5
175,88,4
175,85,5
175,84,3
175,83,5
175,82,4
175,79,5
175,77,4
175,76,5
175,75,5
175,74,5
175,70,3
175,68,4
175,66,5
175,64,3
175,63,5
175,60,4
175,59,3
175,57,4
175,56,3
175,55,4
175,54,5
175,52,4
175,48,5
175,47,5
175,46,5
175,44,3
175,43,5
175,42,3
175,39,3
175,38,5
175,37,5
175,35,3
175,33,3
175,31,3
175,29,4
175,28,3
175,27,5
175,26,3
175,24,4
175,23,5
175,19,1
175,17,3
175,16,5
175,15,3
175,14,4
175,13,3
175,12,4
175,11,5
175,9,5
175,6,3
175,5,4
175,4,4
175,3,3
175,2,5
175,1,3
176,105,4
176,104,4
176,103,3
176,102,4
176,100,4
176,99,3
176,98,5
176,96,3
176,95,3
176,94,4
176,93,4
176,92,5
176,91,4
176,89,5
176,88,3
176,87,4
176,85,3
176,84,5
176,82,4
176,81,3
176,80,4
176,79,3
176,78,5
176,76,3
176,74,5
176,71,3
176,70,4
176,69,5
176,67,5
176,66,3
176,65,5
176,63,3
176,62,5
176,60,4
176,59,5
176,58,4
176,56,3
176,55,3
176,53,3
176,51,3
176,50,5
176,49,3
176,48,3
176,47,5
176,46,5
176,45,5
176,44,5
176,42,4
176,41,5
176,39,5
176,37,5
176,36,5
176,35,4
176,34,5
176,33,3
176,32,4
176,31,4
176,29,3
176,27,5
176,26,5
176,25,5
176,24,3
176,22,3
176,21,5
176,20,4
176,19,3
176,18,5
176,15,3
176,12,5
176,11,5
176,5,3
176,4,3
176,2,4
176,1,4
177,103,4
177,102,3
177,100,2
177,99,3
177,98,5
177,97,4
177,96,5
177,95,5
177,94,5
177,93,3
177,92,4
177,90,2
177,89,3
177,88,4
177,87,4
177,86,3
177,85,3
177,84,4
177,82,5
177,81,2
177,80,2
177,79,4
177,77,3
177,76,2
177,75,2
177,74,5
177,73,3
177,72,4
177,71,3
177,70,4
177,69,3
177,66,2
177,65,2
177,63,2
177,62,5
177,60,4
177,59,2
177,58,3
177,54,4
177,52,4
177,51,2
177,50,4
177,48,2
177,47,5
177,46,4
177,45,4
177,44,2
177,43,5
177,42,5
177,41,3
177,37,4
177,35,4
177,34,3
177,33,3
177,32,3
177,31,3
177,30,4
177,29,5
177,28,4
177,26,3
177,24,4
177,23,4
177,22,4
177,21,2
177,20,2
177,19,2
177,18,2
177,17,5
177,15,3
177,13,4
177,12,3
177,11,3
177,10,5
177,9,4
177,8,4
177,5,5
177,4,2
177,3,5
177,2,5
177,1,2
178,105,3
178,101,5
178,100,5
178,99,4
178,98,2
178,97,3
178,96,3
178,94,5
178,93,4
178,91,4
178,90,4
178,89,4
178,88,3
178,87,2
178,86,5
178,80,3
178,79,3
178,76,3
178,74,2
178,72,5
178,71,5
178,70,4
178,66,3
178,63,4
178,60,4
178,59,4
178,58,2
178,57,4
178,56,5
178,52,4
178,47,4
178,46,2
178,45,4
178,44,3
178,43,5
178,41,3
178,40,3
178,39,5
178,36,4
178,35,5
178,34,3
178,32,3
178,31,4
178,30,4
178,29,5
178,28,4
178,27,2
178,26,3
178,25,3
178,22,4
178,17,4
178,15,2
178,14,4
178,13,4
178,11,5
178,9,3
178,8,4
178,7,4
178,6,5
178,5,4
178,3,5
178,2,3
179,104,3
179,103,5
179,102,4
179,99,4
179,98,3
179,97,5
179,96,5
179,95,4
179,93,5
179,92,4
179,91,4
179,89,5
179,87,3
179,86,3
179,85,5
179,83,2
179,80,5
179,79,3
179,74,5
179,73,4
179,70,3
179,69,5
179,66,4
179,65,2
179,64,5
179,63,2
179,62,5
179,61,2
179,59,5
179,56,3
179,55,5
179,54,4
179,53,4
179,52,4
179,49,3
179,48,4
179,47,5
179,46,4
179,43,4
179,41,2
179,39,3
179,36,5
179,35,4
179,34,5
179,33,4
179,32,5
179,31,5
179,30,4
179,27,4
179,26,4
179,25,5
179,22,5
179,21,5
179,20,5
179,19,5
179,17,5
179,16,5
179,15,3
179,14,3
179,12,4
179,11,4
179,9,2
179,8,5
179,7,5
179,6,4
179,5,5
179,4,3
179,3,4
179,2,5
180,103,3
180,102,4
180,99,4
180,97,3
180,95,3
180,89,3
180,87,5
180,85,3
180,82,2
180,80,5
180,78,4
180,74,5
180,73,4
180,72,3
180,71,5
180,63,3
180,62,5
180,61,5
180,57,4
180,52,5
180,51,5
180,48,5
180,47,4
180,46,4
180,44,2
180,39,5
180,37,5
180,36,2
180,35,4
180,28,3
180,25,3
180,24,4
180,21,5
180,17,3
180,13,3
180,10,3
180,6,5
180,3,5
180,2,4
180,1,5
181,105,2
181,104,4
181,103,2
181,101,3
181,100,5
181,99,2
181,96,4
181,95,3
181,93,3
181,92,4
181,90,2
181,89,3
181,88,5
181,87,3
181,84,4
181,83,5
181,82,3
181,81,5
181,80,3
181,79,5
181,78,2
181,77,4
181,76,5
181,75,2
181,74,3
181,73,5
181,72,5
181,71,3
181,70,5
181,69,5
181,66,5
181,64,4
181,63,2
181,62,3
181,61,4
181,60,2
181,59,3
181,57,3
181,56,3
181,55,4
181,51,5
181,50,2
181,49,5
181,46,3
181,45,3
181,42,3
181,41,2
181,40,3
181,39,2
181,38,3
181,37,2
181,36,5
181,33,2
181,32,3
181,31,3
181,30,4
181,28,3
181,27,2
181,24,4
181,20,3
181,19,4
181,18,5
181,17,3
181,16,2
181,15,5
181,13,5
181,12,3
181,11,2
181,10,4
181,9,5
181,7,4
181,5,4
181,3,5
181,2,2
181,1,2
182,104,2
182,103,4
182,101,3
182,100,5
182,98,5
182,97,5
182,96,4
182,95,5
182,94,5
182,93,5
182,92,4
182,91,5
182,90,4
182,89,5
182,87,4
182,86,2
182,85,5
182,81,3
182,80,4
182,79,5
182,77,4
182,76,4
182,75,2
182,74,4
182,72,3
182,71,5
182,70,3
182,69,4
182,67,4
182,66,2
182,64,5
182,62,4
182,61,2
182,60,5
182,59,4
182,58,2
182,57,5
182,55,2
182,54,4
182,52,2
182,51,5
182,49,4
182,48,2
182,47,2
182,45,2
182,43,3
182,42,4
182,41,4
182,40,5
182,38,5
182,37,4
182,34,5
182,33,3
182,32,4
182,31,4
182,29,4
182,26,5
182,25,2
182,24,3
182,22,5
182,21,2
182,20,4
182,19,4
182,18,5
182,16,4
182,15,5
182,14,5
182,13,2
182,12,3
182,10,5
182,9,2
182,8,3
182,7,2
182,6,4
182,5,4
182,3,2
182,2,4
182,1,5
183,105,4
183,104,5
183,103,2
183,102,2
183,98,4
183,97,2
183,96,5
183,94,2
183,91,4
183,89,2
183,88,4
183,87,4
183,85,5
183,84,3
183,81,5
183,80,4
183,78,4
183,77,3
183,74,4
183,73,3
183,72,3
183,71,2
183,69,3
183,68,3
183,67,4
183,65,4
183,63,2
183,61,5
183,60,2
183,58,5
183,57,5
183,56,4
183,52,3
183,51,3
183,46,3
183,45,4
183,43,5
183,42,4
183,41,3
183,40,5
183,38,3
183,37,3
183,36,3
183,35,2
183,34,2
183,33,4
183,32,3
183,30,2
183,24,5
183,21,3
183,20,3
183,19,4
183,18,5
183,13,5
183,12,5
183,10,4
183,8,4
183,7,5
183,6,5
183,5,3
183,4,5
183,3,4
183,1,3
184,105,2
184,104,2
184,102,3
184,101,3
184,100,5
184,99,3
184,98,4
184,97,5
184,96,5
184,95,3
184,94,5
184,93,5
184,92,5
184,91,4
184,90,5
184,89,4
184,88,4
184,86,4
184,85,3
184,80,4
184,79,3
184,76,4
184,74,4
184,73,4
184,69,4
184,68,3
184,66,2
184,62,4
184,61,3
184,60,2
184,59,2
184,58,4
184,57,2
184,55,2
184,54,3
184,53,5
184,52,2
184,51,5
184,50,3
184,49,3
184,48,2
184,47,4
184,45,2
184,44,2
184,40,4
184,39,4
184,38,5
184,37,4
184,36,2
184,34,4
184,32,2
184,31,3
184,29,3
184,28,5
184,27,4
184,26,2
184,25,3
184,24,2
184,23,5
184,20,2
184,16,3
184,13,5
184,12,3
184,11,2
184,9,2
184,8,3
184,7,3
184,5,2
184,4,3
184,2,3
184,1,4
185,105,3
185,104,4
185,103,5
185,102,2
185,98,3
185,93,3
185,92,5
185,91,2
185,84,3
185,80,5
185,78,4
185,74,5
185,73,5
185,68,4
185,66,2
185,65,4
185,61,3
185,58,5
185,55,3
185,51,5
185,50,2
185,49,2
185,48,3
185,45,4
185,40,5
185,35,3
185,33,4
185,32,4
185,30,3
185,27,5
185,26,3
185,21,3
185,19,4
185,17,3
185,13,3
185,12,4
185,11,4
185,6,4
185,3,5
185,2,3
186,104,5
186,103,2
186,101,5
186,100,4
186,98,3
186,95,3
186,94,4
186,92,4
186,90,2
186,89,4
186,88,5
186,87,3
186,86,2
186,85,5
186,84,4
186,83,3
186,81,4
186,80,4
186,79,3
186,78,3
186,76,4
186,74,2
186,73,4
186,72,5
186,69,5
186,68,4
186,66,4
186,64,5
186,63,5
186,62,5
186,61,3
186,59,5
186,58,3
186,57,4
186,56,4
186,55,5
186,54,5
186,52,4
186,51,5
186,50,4
186,48,3
186,47,4
186,46,2
186,45,4
186,44,5
186,42,4
186,41,5
186,40,2
186,39,4
186,37,4
186,35,3
186,33,3
186,32,5
186,31,5
186,30,4
186,29,4
186,28,5
186,27,4
186,26,4
186,24,5
186,22,5
186,21,5
186,20,4
186,19,4
186,18,5
186,17,3
186,16,2
186,15,5
186,12,5
186,11,3
186,10,4
186,8,3
186,6,3
186,5,4
186,4,2
186,3,4
186,2,5
186,1,5
187,105,4
187,104,3
187,103,5
187,102,5
187,101,3
187,100,4
187,99,5
187,96,4
187,94,3
187,93,2
187,90,4
187,89,2
187,88,5
187,87,2
187,86,4
187,84,5
187,82,4
187,80,4
187,79,4
187,78,2
187,77,4
187,75,3
187,74,3
187,73,4
187,72,3
187,71,3
187,70,2
187,69,4
187,67,4
187,66,5
187,65,5
187,64,3
187,63,2
187,62,3
187,61,4
187,60,5
187,59,4
187,58,4
187,57,3
187,56,4
187,55,3
187,54,3
187,52,5
187,51,4
187,50,3
187,49,4
187,48,4
187,47,5
187,46,4
187,45,4
187,44,3
187,43,3
187,40,4
187,39,5
187,34,5
187,33,5
187,30,4
187,29,5
187,28,5
187,27,3
187,23,4
187,22,5
187,21,4
187,20,4
187,17,5
187,15,3
187,14,4
187,13,4
187,12,4
187,11,2
187,10,5
187,9,4
187,8,3
187,7,5
187,6,4
187,5,4
187,4,5
187,3,2
187,2,2
187,1,2
188,105,3
188,103,2
188,101,3
188,99,5
188,96,4
188,93,3
188,92,3
188,91,4
188,87,4
188,86,5
188,84,2
188,83,3
188,82,3
188,79,3
188,78,3
188,76,3
188,75,3
188,74,5
188,73,4
188,72,4
188,70,2
188,69,2
188,67,2
188,64,2
188,62,2
188,61,2
188,58,3
188,57,5
188,56,3
188,54,2
188,52,4
188,51,5
188,50,2
188,49,3
188,47,3
188,46,3
188,44,2
188,43,5
188,42,3
188,39,2
188,37,4
188,36,3
188,35,4
188,34,3
188,33,2
188,31,3
188,27,3
188,25,5
188,24,3
188,23,3
188,22,4
188,20,5
188,19,2
188,18,2
188,17,2
188,14,5
188,13,3
188,11,3
188,10,3
188,8,3
188,7,2
188,6,5
188,4,2
188,3,3
188,1,3
189,105,5
189,104,3
189,102,4
189,101,5
189,100,5
189,99,5
189,98,4
189,97,3
189,96,4
189,95,5
189,91,4
189,89,5
189,88,1
189,87,5
189,86,4
189,84,5
189,83,4
189,82,5
189,81,4
189,80,4
189,79,4
189,78,3
189,76,3
189,73,1
189,71,4
189,70,4
189,69,5
189,68,5
189,67,2
189,66,3
189,65,5
189,64,1
189,63,5
189,62,2
189,60,4
189,59,2
189,58,4
189,57,5
189,54,4
189,52,4
189,48,5
189,47,2
189,45,1
189,44,5
189,43,4
189,42,4
189,41,4
189,40,1
189,39,4
189,38,4
189,37,5
189,36,2
189,35,4
189,34,4
189,33,1
189,32,2
189,30,4
189,29,4
189,27,3
189,26,3
189,22,5
189,20,4
189,19,4
189,17,2
189,16,3
189,15,5
189,13,1
189,9,5
189,8,4
189,7,4
189,3,2
189,2,4
189,1,5
190,105,2
190,103,5
190,102,1
190,101,5
190,98,4
190,96,2
190,95,4
190,94,4
190,93,5
190,92,3
190,91,2
190,90,2
190,89,4
190,88,1
190,87,1
190,84,5
190,83,3
190,82,5
190,81,4
190,80,4
190,79,4
190,77,5
190,76,5
190,75,1
190,74,4
190,72,4
190,70,1
190,68,4
190,66,5
190,65,1
190,63,5
190,62,1
190,61,4
190,60,4
190,59,5
190,58,4
190,56,3
190,55,4
190,49,5
190,48,5
190,46,4
190,45,5
190,44,2
190,42,3
190,41,5
190,40,5
190,39,4
190,38,5
190,36,5
190,34,4
190,33,5
190,32,5
190,31,3
190,29,5
190,27,5
190,25,1
190,24,5
190,22,4
190,21,4
190,19,3
190,18,1
190,17,4
190,16,4
190,15,4
190,13,4
190,10,3
190,9,5
190,7,2
190,6,5
190,5,5
190,3,5
190,1,5
191,105,3
191,97,5
191,95,2
191,93,2
191,92,2
191,91,2
191,86,5
191,83,1
191,82,3
191,79,2
191,78,2
191,77,3
191,74,4
191,73,3
191,71,1
191,67,4
191,63,5
191,62,4
191,61,5
191,60,4
191,54,5
191,53,5
191,50,5
191,46,3
191,45,5
191,43,3
191,42,1
191,41,4
191,38,4
191,36,2
191,34,2
191,33,5
191,30,5
191,27,4
191,19,4
191,17,5
191,16,2
191,15,2
191,14,5
191,12,2
191,10,3
191,8,3
191,5,3
192,105,2
192,104,4
192,102,2
192,101,1
192,99,3
192,98,3
192,96,1
192,95,1
192,91,3
192,90,4
192,89,5
192,88,5
192,86,4
192,85,4
192,83,2
192,82,1
192,81,4
192,80,3
192,79,2
192,78,5
192,77,2
192,76,5
192,74,3
192,72,4
192,71,5
192,70,5
192,68,3
192,65,1
192,64,4
192,63,3
192,62,5
192,61,4
192,58,2
192,57,5
192,55,2
192,53,3
192,52,2
192,51,3
192,50,1
192,49,5
192,48,2
192,46,4
192,44,3
192,43,1
192,40,2
192,39,4
192,38,4
192,35,3
192,27,2
192,26,5
192,25,1
192,22,4
192,21,5
192,20,3
192,17,4
192,16,5
192,15,2
192,14,2
192,13,1
192,11,1
192,10,1
192,9,2
192,6,2
192,2,1
192,1,4
193,103,5
193,102,3
193,100,4
193,98,5
193,92,5
193,91,2
193,90,3
193,89,2
193,88,5
193,86,2
193,85,3
193,84,3
193,83,2
193,82,1
193,81,5
193,78,5
193,77,5
193,75,4
193,74,2
193,72,2
193,71,4
193,69,4
193,66,5
193,60,5
193,58,5
193,57,1
193,56,5
193,52,5
193,50,3
193,49,1
193,48,2
193,45,5
193,44,1
193,43,5
193,41,1
193,40,2
193,38,2
193,36,5
193,35,2
193,34,4
193,33,4
193,32,2
193,30,2
193,25,2
193,24,4
193,22,5
193,21,5
193,20,4
193,18,4
193,17,3
193,16,4
193,15,2
193,14,5
193,13,2
193,12,5
193,10,4
193,9,4
193,8,2
193,7,1
193,6,3
193,5,1
193,4,2
193,2,4
193,1,1
194,103,2
194,101,5
194,100,5
194,98,1
194,97,4
194,95,4
194,93,4
194,92,5
194,91,5
194,90,2
194,89,4
194,88,5
194,87,4
194,86,4
194,85,2
194,84,2
194,83,5
194,82,1
194,81,4
194,80,5
194,77,4
194,75,4
194,74,5
194,71,5
194,70,4
194,69,4
194,68,4
194,66,3
194,65,2
194,62,5
194,61,4
194,59,5
194,56,4
194,55,3
194,54,2
194,53,4
194,52,5
194,51,1
194,48,5
194,46,3
194,45,3
194,44,5
194,43,4
194,42,4
194,41,4
194,40,5
194,39,5
194,38,5
194,37,5
194,35,1
194,33,5
194,32,3
194,31,2
194,30,4
194,28,2
194,27,4
194,26,4
194,25,4
194,24,4
194,23,5
194,22,5
194,21,5
194,20,4
194,19,5
194,17,4
194,16,4
194,15,4
194,13,5
194,12,2
194,11,2
194,10,4
194,5,4
194,4,5
194,3,5
194,2,2
194,1,3
195,105,4
195,104,3
195,103,5
195,101,5
195,100,3
195,99,2
195,98,5
195,95,5
195,94,3
195,93,5
195,92,5
195,91,3
195,88,2
195,87,5
195,86,4
195,85,5
195,83,2
195,82,5
195,81,4
195,79,3
195,78,3
195,77,5
195,76,5
195,75,3
195,73,4
195,68,4
195,67,2
195,66,5
195,65,4
195,64,2
195,63,5
195,62,4
195,60,5
195,59,5
195,58,2
195,57,2
195,56,2
195,55,5
195,54,5
195,53,5
195,52,3
195,48,4
195,47,5
195,46,4
195,43,3
195,41,4
195,40,3
195,39,5
195,38,3
195,37,4
195,36,5
195,35,5
195,34,3
195,33,5
195,31,5
195,29,4
195,28,4
195,27,5
195,26,3
195,25,5
195,22,2
195,21,3
195,19,5
195,18,5
195,17,5
195,16,5
195,15,2
195,13,3
195,12,3
195,11,5
195,10,5
195,9,3
195,8,5
195,7,4
195,6,2
195,5,5
195,4,4
195,2,4
196,104,4
196,103,5
196,99,3
196,98,4
196,96,5
196,95,5
196,93,4
196,90,3
196,87,5
196,85,2
196,84,2
196,83,3
196,81,2
196,79,3
196,77,5
196,76,5
196,71,4
196,69,5
196,67,4
196,65,5
196,64,5
196,63,4
196,59,5
196,57,5
196,56,5
196,50,5
196,49,5
196,48,4
196,47,5
196,46,5
196,45,4
196,43,2
196,42,5
196,41,4
196,39,3
196,38,5
196,36,5
196,34,2
196,33,5
196,32,3
196,29,2
196,28,5
196,26,4
196,25,4
196,23,4
196,22,5
196,20,2
196,19,4
196,18,3
196,17,4
196,15,5
196,13,4
196,11,5
196,10,5
196,9,5
196,6,5
196,3,5
196,2,3
196,1,5
197,105,2
197,103,5
197,102,3
197,99,5
197,98,5
197,97,4
197,95,4
197,94,3
197,92,5
197,89,3
197,87,4
197,82,3
197,81,4
197,79,5
197,75,3
197,74,2
197,72,2
197,71,5
197,68,3
197,67,4
197,66,3
197,64,2
197,63,3
197,61,3
197,60,5
197,58,2
197,57,5
197,55,5
197,54,2
197,53,2
197,52,5
197,50,5
197,49,5
197,47,2
197,46,5
197,45,3
197,44,5
197,39,5
197,38,5
197,37,5
197,32,2
197,31,5
197,30,5
197,28,5
197,26,5
197,25,4
197,23,4
197,18,2
197,16,5
197,15,4
197,13,5
197,12,5
197,9,5
197,8,5
197,5,5
197,4,5
197,3,4
197,2,5
197,1,2
198,105,4
198,104,3
198,103,5
198,102,5
198,97,5
198,96,3
198,92,2
198,91,4
198,90,4
198,89,5
198,87,4
198,86,5
198,85,2
198,84,4
198,83,4
198,82,5
198,80,5
198,79,4
198,78,2
198,76,5
198,74,4
198,72,5
198,70,4
198,68,3
198,64,5
198,63,5
198,62,4
198,61,4
198,59,4
198,58,2
198,53,5
198,51,3
198,50,5
198,49,5
198,47,4
198,46,4
198,44,5
198,42,3
198,41,3
198,39,4
198,38,4
198,36,5
198,35,3
198,33,4
198,32,5
198,30,5
198,29,4
198,25,5
198,24,4
198,23,4
198,22,5
198,21,4
198,18,5
198,17,5
198,16,4
198,15,5
198,14,5
198,13,5
198,12,4
198,11,4
198,8,5
198,6,4
198,4,5
198,3,4
198,2,5
198,1,5
199,105,2
199,104,3
199,103,5
199,99,5
199,98,5
199,97,5
199,96,3
199,94,3
199,93,4
199,92,5
199,90,5
199,89,2
199,88,4
199,87,4
199,86,4
199,85,3
199,84,4
199,83,4
199,82,5
199,80,4
199,77,4
199,76,5
199,75,4
199,73,5
199,72,3
199,71,5
199,69,4
199,67,4
199,66,3
199,63,5
199,62,5
199,61,2
199,60,5
199,59,5
199,57,5
199,54,5
199,53,4
199,52,5
199,51,4
199,49,4
199,47,4
199,46,5
199,44,5
199,42,4
199,41,4
199,39,5
199,38,5
199,37,2
199,35,5
199,34,2
199,33,5
199,31,3
199,29,5
199,28,5
199,26,4
199,25,4
199,21,5
199,19,4
199,18,4
199,17,4
199,13,5
199,12,5
199,9,4
199,8,4
199,7,5
199,6,5
199,5,5
199,3,5
199,2,3
199,1,4
200,105,5
200,104,5
200,102,4
200,101,4
200,99,5
200,98,5
200,95,3
200,93,4
200,92,5
200,91,5
200,90,4
200,88,5
200,86,4
200,85,5
200,84,5
200,82,3
200,81,4
200,79,2
200,77,4
200,76,4
200,75,4
200,74,5
200,73,5
200,72,5
200,71,5
200,69,5
200,68,2
200,67,4
200,65,5
200,62,3
200,60,2
200,58,5
200,55,4
200,53,4
200,52,5
200,51,5
200,50,3
200,48,2
200,47,5
200,45,5
200,44,5
200,43,3
200,40,5
200,39,5
200,38,5
200,36,5
200,35,5
200,33,5
200,32,4
200,31,5
200,30,4
200,28,4
200,27,5
200,26,5
200,24,5
200,21,4
200,20,4
200,19,3
200,18,5
200,17,5
200,16,4
200,14,2
200,13,4
200,12,5
200,11,5
200,10,4
200,9,4
200,8,4
200,4,5
200,2,4
200,1,4